CONSTRAINT_CATALOG,CONSTRAINT_SCHEMA,CONSTRAINT_NAME,TABLE_SCHEMA,TABLE_NAME,CONSTRAINT_TYPE
def,magento,PRIMARY,magento,admin_passwords,"PRIMARY KEY"
def,magento,ADMIN_PASSWORDS_USER_ID_ADMIN_USER_USER_ID,magento,admin_passwords,"FOREIGN KEY"
def,magento,PRIMARY,magento,admin_system_messages,"PRIMARY KEY"
def,magento,PRIMARY,magento,admin_user,"PRIMARY KEY"
def,magento,ADMIN_USER_USERNAME,magento,admin_user,UNIQUE
def,magento,PRIMARY,magento,admin_user_session,"PRIMARY KEY"
def,magento,ADMIN_USER_SESSION_USER_ID_ADMIN_USER_USER_ID,magento,admin_user_session,"FOREIGN KEY"
def,magento,PRIMARY,magento,adminnotification_inbox,"PRIMARY KEY"
def,magento,PRIMARY,magento,amazon_customer,"PRIMARY KEY"
def,magento,AMAZON_CUSTOMER_CUSTOMER_ID_AMAZON_ID,magento,amazon_customer,UNIQUE
def,magento,AMAZON_CUSTOMER_CUSTOMER_ID_CUSTOMER_ENTITY_ENTITY_ID,magento,amazon_customer,"FOREIGN KEY"
def,magento,PRIMARY,magento,amazon_pending_authorization,"FOREIGN KEY"
def,magento,UNQ_E6CCA08713FB32BB136A56837009C371,magento,amazon_pending_authorization,UNIQUE
def,magento,PRIMARY,magento,amazon_pending_capture,"PRIMARY KEY"
def,magento,AMAZON_PENDING_CAPTURE_ORDER_ID_PAYMENT_ID_CAPTURE_ID,magento,amazon_pending_capture,UNIQUE
def,magento,PRIMARY,magento,amazon_pending_refund,"PRIMARY KEY"
def,magento,AMAZON_PENDING_REFUND_ORDER_ID_PAYMENT_ID_REFUND_ID,magento,amazon_pending_refund,UNIQUE
def,magento,PRIMARY,magento,amazon_quote,"PRIMARY KEY"
def,magento,AMAZON_QUOTE_QUOTE_ID,magento,amazon_quote,UNIQUE
def,magento,AMAZON_QUOTE_QUOTE_ID_QUOTE_ENTITY_ID,magento,amazon_quote,"FOREIGN KEY"
def,magento,PRIMARY,magento,amazon_sales_order,"PRIMARY KEY"
def,magento,AMAZON_SALES_ORDER_ORDER_ID,magento,amazon_sales_order,UNIQUE
def,magento,AMAZON_SALES_ORDER_ORDER_ID_SALES_ORDER_ENTITY_ID,magento,amazon_sales_order,"FOREIGN KEY"
def,magento,PRIMARY,magento,authorization_role,"PRIMARY KEY"
def,magento,PRIMARY,magento,authorization_rule,"PRIMARY KEY"
def,magento,AUTHORIZATION_RULE_ROLE_ID_AUTHORIZATION_ROLE_ROLE_ID,magento,authorization_rule,"FOREIGN KEY"
def,magento,PRIMARY,magento,bold_asset,"PRIMARY KEY"
def,magento,BOLD_ASSET_CODE_ASSET_TYPE_ID_POSITION,magento,bold_asset,UNIQUE
def,magento,BOLD_ASSET_ASSET_TYPE_ID_BOLD_ASSET_TYPE_ASSET_TYPE_ID,magento,bold_asset,"FOREIGN KEY"
def,magento,PRIMARY,magento,bold_asset_type,"PRIMARY KEY"
def,magento,BOLD_ASSET_TYPE_CODE,magento,bold_asset_type,UNIQUE
def,magento,PRIMARY,magento,bold_b2b_contact_person,"PRIMARY KEY"
def,magento,BOLD_B2B_CONTACT_PERSON_CUSTOMER_ID_CUSTOMER_ENTITY_ENTITY_ID,magento,bold_b2b_contact_person,"FOREIGN KEY"
def,magento,BOLD_B2B_CONTACT_PERSON_ORDER_ID_SALES_ORDER_ENTITY_ID,magento,bold_b2b_contact_person,"FOREIGN KEY"
def,magento,PRIMARY,magento,bold_category_filters_order,"PRIMARY KEY"
def,magento,BOLD_CTGR_FILTERS_ORDER_ATTR_ID_EAV_ATTR_ATTR_ID,magento,bold_category_filters_order,"FOREIGN KEY"
def,magento,BOLD_CTGR_FILTERS_ORDER_CTGR_ID_CAT_CTGR_ENTT_ENTT_ID,magento,bold_category_filters_order,"FOREIGN KEY"
def,magento,PRIMARY,magento,bold_import_value,"PRIMARY KEY"
def,magento,BOLD_IMPORT_VALUE_PARAMETER_ID,magento,bold_import_value,UNIQUE
def,magento,PRIMARY,magento,bold_import_value_decimal,"PRIMARY KEY"
def,magento,BOLD_IMPORT_VAL_DEC_IMPORT_VAL_ID_BOLD_IMPORT_VAL_VAL_ID,magento,bold_import_value_decimal,"FOREIGN KEY"
def,magento,BOLD_IMPORT_VAL_LBL_VAL_ID_CAT_PRD_ENTT_DEC_VAL_ID,magento,bold_import_value_decimal,"FOREIGN KEY"
def,magento,PRIMARY,magento,bold_import_value_int,"PRIMARY KEY"
def,magento,BOLD_IMPORT_VALUE_INT_IMPORT_VALUE_ID_BOLD_IMPORT_VALUE_VALUE_ID,magento,bold_import_value_int,"FOREIGN KEY"
def,magento,BOLD_IMPORT_VAL_LBL_VAL_ID_CAT_PRD_ENTT_INT_VAL_ID,magento,bold_import_value_int,"FOREIGN KEY"
def,magento,PRIMARY,magento,bold_import_value_label,"PRIMARY KEY"
def,magento,BOLD_IMPORT_VALUE_LABEL_VALUE_ID_STORE_ID,magento,bold_import_value_label,UNIQUE
def,magento,BOLD_IMPORT_VALUE_LABEL_STORE_ID_STORE_STORE_ID,magento,bold_import_value_label,"FOREIGN KEY"
def,magento,BOLD_IMPORT_VALUE_LABEL_VALUE_ID_BOLD_IMPORT_VALUE_VALUE_ID,magento,bold_import_value_label,"FOREIGN KEY"
def,magento,PRIMARY,magento,bold_import_value_option,"PRIMARY KEY"
def,magento,BOLD_IMPORT_VALUE_LABEL_VALUE_ID_EAV_ATTRIBUTE_OPTION_OPTION_ID,magento,bold_import_value_option,"FOREIGN KEY"
def,magento,BOLD_IMPORT_VAL_OPT_IMPORT_VAL_ID_BOLD_IMPORT_VAL_VAL_ID,magento,bold_import_value_option,"FOREIGN KEY"
def,magento,PRIMARY,magento,bold_import_value_text,"PRIMARY KEY"
def,magento,BOLD_IMPORT_VAL_LBL_VAL_ID_CAT_PRD_ENTT_TEXT_VAL_ID,magento,bold_import_value_text,"FOREIGN KEY"
def,magento,BOLD_IMPORT_VAL_TEXT_IMPORT_VAL_ID_BOLD_IMPORT_VAL_VAL_ID,magento,bold_import_value_text,"FOREIGN KEY"
def,magento,PRIMARY,magento,bold_import_value_varchar,"PRIMARY KEY"
def,magento,BOLD_IMPORT_VAL_LBL_VAL_ID_CAT_PRD_ENTT_VCHR_VAL_ID,magento,bold_import_value_varchar,"FOREIGN KEY"
def,magento,BOLD_IMPORT_VAL_VCHR_IMPORT_VAL_ID_BOLD_IMPORT_VAL_VAL_ID,magento,bold_import_value_varchar,"FOREIGN KEY"
def,magento,PRIMARY,magento,bold_media_to_product_asset,"PRIMARY KEY"
def,magento,BOLD_MEDIA_TO_PRODUCT_ASSET_PRODUCT_ASSET_ID_VALUE_ID,magento,bold_media_to_product_asset,UNIQUE
def,magento,BOLD_MDA_TO_PRD_ASSET_PRD_ASSET_ID_BOLD_PRD_ASSET_PRD_ASSET_ID,magento,bold_media_to_product_asset,"FOREIGN KEY"
def,magento,BOLD_MDA_TO_PRD_ASSET_VAL_ID_CAT_PRD_ENTT_MDA_GLR_VAL_ID,magento,bold_media_to_product_asset,"FOREIGN KEY"
def,magento,PRIMARY,magento,bold_multi_server_cache_clean,"PRIMARY KEY"
def,magento,PRIMARY,magento,bold_page_cache_queue,"PRIMARY KEY"
def,magento,PRIMARY,magento,bold_page_cache_queue_tag,"PRIMARY KEY"
def,magento,bold_page_cache_queue_tag_page_cache_id_fk,magento,bold_page_cache_queue_tag,"FOREIGN KEY"
def,magento,PRIMARY,magento,bold_pictogram_eav_attribute_option_link,"PRIMARY KEY"
def,magento,BOLD_PICTOGRAM_EAV_ATTRIBUTE_OPTION_LINK_PICTOGRAM_ID_OPTION_ID,magento,bold_pictogram_eav_attribute_option_link,UNIQUE
def,magento,BOLD_PICTOGRAM_EAV_ATTR_OPT_LNK_OPT_ID_EAV_ATTR_OPT_OPT_ID,magento,bold_pictogram_eav_attribute_option_link,"FOREIGN KEY"
def,magento,FK_2775DADE79BF336E8F35FD80002E098F,magento,bold_pictogram_eav_attribute_option_link,"FOREIGN KEY"
def,magento,PRIMARY,magento,bold_product_asset,"PRIMARY KEY"
def,magento,BOLD_PRODUCT_ASSET_ASSET_ID_PRODUCT_ID_STORE_ID,magento,bold_product_asset,UNIQUE
def,magento,BOLD_PRODUCT_ASSET_ASSET_ID_BOLD_ASSET_ASSET_ID,magento,bold_product_asset,"FOREIGN KEY"
def,magento,BOLD_PRODUCT_ASSET_PRODUCT_ID_CATALOG_PRODUCT_ENTITY_ENTITY_ID,magento,bold_product_asset,"FOREIGN KEY"
def,magento,BOLD_PRODUCT_ASSET_STORE_ID_STORE_STORE_ID,magento,bold_product_asset,"FOREIGN KEY"
def,magento,PRIMARY,magento,bold_product_pictogram,"PRIMARY KEY"
def,magento,BOLD_PRODUCT_PICTOGRAM_CODE_STORE_ID,magento,bold_product_pictogram,UNIQUE
def,magento,BOLD_PRODUCT_PICTOGRAM_STORE_ID_STORE_STORE_ID,magento,bold_product_pictogram,"FOREIGN KEY"
def,magento,PRIMARY,magento,bold_product_reindex,"PRIMARY KEY"
def,magento,BOLD_PRODUCT_REINDEX_PRODUCT_ID_CATALOG_PRODUCT_ENTITY_ENTITY_ID,magento,bold_product_reindex,"FOREIGN KEY"
def,magento,PRIMARY,magento,cache,"PRIMARY KEY"
def,magento,PRIMARY,magento,cache_tag,"PRIMARY KEY"
def,magento,PRIMARY,magento,captcha_log,"PRIMARY KEY"
def,magento,PRIMARY,magento,catalog_category_entity,"PRIMARY KEY"
def,magento,CAT_CTGR_ENTT_ENTT_ID_SEQUENCE_CAT_CTGR_SEQUENCE_VAL,magento,catalog_category_entity,"FOREIGN KEY"
def,magento,PRIMARY,magento,catalog_category_entity_datetime,"PRIMARY KEY"
def,magento,CATALOG_CATEGORY_ENTITY_DATETIME_ENTITY_ID_ATTRIBUTE_ID_STORE_ID,magento,catalog_category_entity_datetime,UNIQUE
def,magento,CATALOG_CATEGORY_ENTITY_DATETIME_STORE_ID_STORE_STORE_ID,magento,catalog_category_entity_datetime,"FOREIGN KEY"
def,magento,CAT_CTGR_ENTT_DTIME_ATTR_ID_EAV_ATTR_ATTR_ID,magento,catalog_category_entity_datetime,"FOREIGN KEY"
def,magento,CAT_CTGR_ENTT_DTIME_ROW_ID_CAT_CTGR_ENTT_ROW_ID,magento,catalog_category_entity_datetime,"FOREIGN KEY"
def,magento,PRIMARY,magento,catalog_category_entity_decimal,"PRIMARY KEY"
def,magento,CATALOG_CATEGORY_ENTITY_DECIMAL_ENTITY_ID_ATTRIBUTE_ID_STORE_ID,magento,catalog_category_entity_decimal,UNIQUE
def,magento,CATALOG_CATEGORY_ENTITY_DECIMAL_STORE_ID_STORE_STORE_ID,magento,catalog_category_entity_decimal,"FOREIGN KEY"
def,magento,CAT_CTGR_ENTT_DEC_ATTR_ID_EAV_ATTR_ATTR_ID,magento,catalog_category_entity_decimal,"FOREIGN KEY"
def,magento,CAT_CTGR_ENTT_DEC_ROW_ID_CAT_CTGR_ENTT_ROW_ID,magento,catalog_category_entity_decimal,"FOREIGN KEY"
def,magento,PRIMARY,magento,catalog_category_entity_int,"PRIMARY KEY"
def,magento,CATALOG_CATEGORY_ENTITY_INT_ENTITY_ID_ATTRIBUTE_ID_STORE_ID,magento,catalog_category_entity_int,UNIQUE
def,magento,CATALOG_CATEGORY_ENTITY_INT_STORE_ID_STORE_STORE_ID,magento,catalog_category_entity_int,"FOREIGN KEY"
def,magento,CAT_CTGR_ENTT_INT_ATTR_ID_EAV_ATTR_ATTR_ID,magento,catalog_category_entity_int,"FOREIGN KEY"
def,magento,CAT_CTGR_ENTT_INT_ROW_ID_CAT_CTGR_ENTT_ROW_ID,magento,catalog_category_entity_int,"FOREIGN KEY"
def,magento,PRIMARY,magento,catalog_category_entity_text,"PRIMARY KEY"
def,magento,CATALOG_CATEGORY_ENTITY_TEXT_ENTITY_ID_ATTRIBUTE_ID_STORE_ID,magento,catalog_category_entity_text,UNIQUE
def,magento,CATALOG_CATEGORY_ENTITY_TEXT_STORE_ID_STORE_STORE_ID,magento,catalog_category_entity_text,"FOREIGN KEY"
def,magento,CAT_CTGR_ENTT_TEXT_ATTR_ID_EAV_ATTR_ATTR_ID,magento,catalog_category_entity_text,"FOREIGN KEY"
def,magento,CAT_CTGR_ENTT_TEXT_ROW_ID_CAT_CTGR_ENTT_ROW_ID,magento,catalog_category_entity_text,"FOREIGN KEY"
def,magento,PRIMARY,magento,catalog_category_entity_varchar,"PRIMARY KEY"
def,magento,CATALOG_CATEGORY_ENTITY_VARCHAR_ENTITY_ID_ATTRIBUTE_ID_STORE_ID,magento,catalog_category_entity_varchar,UNIQUE
def,magento,CATALOG_CATEGORY_ENTITY_VARCHAR_STORE_ID_STORE_STORE_ID,magento,catalog_category_entity_varchar,"FOREIGN KEY"
def,magento,CAT_CTGR_ENTT_VCHR_ATTR_ID_EAV_ATTR_ATTR_ID,magento,catalog_category_entity_varchar,"FOREIGN KEY"
def,magento,CAT_CTGR_ENTT_VCHR_ROW_ID_CAT_CTGR_ENTT_ROW_ID,magento,catalog_category_entity_varchar,"FOREIGN KEY"
def,magento,PRIMARY,magento,catalog_category_product,"PRIMARY KEY"
def,magento,CATALOG_CATEGORY_PRODUCT_CATEGORY_ID_PRODUCT_ID,magento,catalog_category_product,UNIQUE
def,magento,CAT_CTGR_PRD_CTGR_ID_SEQUENCE_CAT_CTGR_SEQUENCE_VAL,magento,catalog_category_product,"FOREIGN KEY"
def,magento,CAT_CTGR_PRD_PRD_ID_SEQUENCE_PRD_SEQUENCE_VAL,magento,catalog_category_product,"FOREIGN KEY"
def,magento,CAT_CTGR_PRD_ATTR_CTGR_ID_ATTR_ID_WS_ID,magento,catalog_category_product_attribute,UNIQUE
def,magento,CAT_CTGR_PRD_ATTR_ATTR_ID_EAV_ATTR_ATTR_ID,magento,catalog_category_product_attribute,"FOREIGN KEY"
def,magento,CAT_CTGR_PRD_ATTR_CTGR_ID_CAT_CTGR_ENTT_ENTT_ID,magento,catalog_category_product_attribute,"FOREIGN KEY"
def,magento,CAT_CTGR_PRD_ATTR_WS_ID_STORE_WS_WS_ID,magento,catalog_category_product_attribute,"FOREIGN KEY"
def,magento,PRIMARY,magento,catalog_category_product_cl,"PRIMARY KEY"
def,magento,PRIMARY,magento,catalog_category_product_index,"PRIMARY KEY"
def,magento,PRIMARY,magento,catalog_category_product_index_replica,"PRIMARY KEY"
def,magento,PRIMARY,magento,catalog_category_product_index_store1,"PRIMARY KEY"
def,magento,PRIMARY,magento,catalog_category_product_index_store1_replica,"PRIMARY KEY"
def,magento,PRIMARY,magento,catalog_category_product_index_store8,"PRIMARY KEY"
def,magento,PRIMARY,magento,catalog_category_product_index_store8_replica,"PRIMARY KEY"
def,magento,PRIMARY,magento,catalog_category_product_index_tmp,"PRIMARY KEY"
def,magento,PRIMARY,magento,catalog_compare_item,"PRIMARY KEY"
def,magento,CATALOG_COMPARE_ITEM_CUSTOMER_ID_CUSTOMER_ENTITY_ENTITY_ID,magento,catalog_compare_item,"FOREIGN KEY"
def,magento,CATALOG_COMPARE_ITEM_PRODUCT_ID_SEQUENCE_PRODUCT_SEQUENCE_VALUE,magento,catalog_compare_item,"FOREIGN KEY"
def,magento,CATALOG_COMPARE_ITEM_STORE_ID_STORE_STORE_ID,magento,catalog_compare_item,"FOREIGN KEY"
def,magento,PRIMARY,magento,catalog_eav_attribute,"PRIMARY KEY"
def,magento,CATALOG_EAV_ATTRIBUTE_ATTRIBUTE_ID_EAV_ATTRIBUTE_ATTRIBUTE_ID,magento,catalog_eav_attribute,"FOREIGN KEY"
def,magento,PRIMARY,magento,catalog_product_attribute_cl,"PRIMARY KEY"
def,magento,PRIMARY,magento,catalog_product_bundle_option,"PRIMARY KEY"
def,magento,CAT_PRD_BNDL_OPT_OPT_ID_SEQUENCE_PRD_BNDL_OPT_SEQUENCE_VAL,magento,catalog_product_bundle_option,"FOREIGN KEY"
def,magento,CAT_PRD_BNDL_OPT_PARENT_ID_CAT_PRD_ENTT_ROW_ID,magento,catalog_product_bundle_option,"FOREIGN KEY"
def,magento,PRIMARY,magento,catalog_product_bundle_option_value,"PRIMARY KEY"
def,magento,CAT_PRD_BNDL_OPT_VAL_OPT_ID_PARENT_PRD_ID_STORE_ID,magento,catalog_product_bundle_option_value,UNIQUE
def,magento,CAT_PRD_BNDL_OPT_VAL_OPT_ID_SEQUENCE_PRD_BNDL_OPT_SEQUENCE_VAL,magento,catalog_product_bundle_option_value,"FOREIGN KEY"
def,magento,CAT_PRD_BNDL_OPT_VAL_PARENT_PRD_ID_CAT_PRD_ENTT_ROW_ID,magento,catalog_product_bundle_option_value,"FOREIGN KEY"
def,magento,PRIMARY,magento,catalog_product_bundle_price_index,"PRIMARY KEY"
def,magento,CAT_PRD_BNDL_PRICE_IDX_CSTR_GROUP_ID_CSTR_GROUP_CSTR_GROUP_ID,magento,catalog_product_bundle_price_index,"FOREIGN KEY"
def,magento,CAT_PRD_BNDL_PRICE_IDX_ENTT_ID_SEQUENCE_PRD_SEQUENCE_VAL,magento,catalog_product_bundle_price_index,"FOREIGN KEY"
def,magento,CAT_PRD_BNDL_PRICE_IDX_WS_ID_STORE_WS_WS_ID,magento,catalog_product_bundle_price_index,"FOREIGN KEY"
def,magento,PRIMARY,magento,catalog_product_bundle_selection,"PRIMARY KEY"
def,magento,CAT_PRD_BNDL_SELECTION_OPT_ID_SEQUENCE_PRD_BNDL_OPT_SEQUENCE_VAL,magento,catalog_product_bundle_selection,"FOREIGN KEY"
def,magento,CAT_PRD_BNDL_SELECTION_PARENT_PRD_ID_CAT_PRD_ENTT_ROW_ID,magento,catalog_product_bundle_selection,"FOREIGN KEY"
def,magento,CAT_PRD_BNDL_SELECTION_PRD_ID_SEQUENCE_PRD_SEQUENCE_VAL,magento,catalog_product_bundle_selection,"FOREIGN KEY"
def,magento,FK_606117FEB5F50D0182CEC9D260C05DD2,magento,catalog_product_bundle_selection,"FOREIGN KEY"
def,magento,PRIMARY,magento,catalog_product_bundle_selection_price,"PRIMARY KEY"
def,magento,CAT_PRD_BNDL_SELECTION_PRICE_PARENT_PRD_ID_CAT_PRD_ENTT_ROW_ID,magento,catalog_product_bundle_selection_price,"FOREIGN KEY"
def,magento,CAT_PRD_BNDL_SELECTION_PRICE_WS_ID_STORE_WS_WS_ID,magento,catalog_product_bundle_selection_price,"FOREIGN KEY"
def,magento,FK_AE9FDBF7988FB6BE3E04D91DA2CFB273,magento,catalog_product_bundle_selection_price,"FOREIGN KEY"
def,magento,PRIMARY,magento,catalog_product_bundle_stock_index,"PRIMARY KEY"
def,magento,PRIMARY,magento,catalog_product_category_cl,"PRIMARY KEY"
def,magento,PRIMARY,magento,catalog_product_entity,"PRIMARY KEY"
def,magento,CATALOG_PRODUCT_ENTITY_ENTITY_ID_SEQUENCE_PRODUCT_SEQUENCE_VALUE,magento,catalog_product_entity,"FOREIGN KEY"
def,magento,PRIMARY,magento,catalog_product_entity_datetime,"PRIMARY KEY"
def,magento,CATALOG_PRODUCT_ENTITY_DATETIME_ENTITY_ID_ATTRIBUTE_ID_STORE_ID,magento,catalog_product_entity_datetime,UNIQUE
def,magento,CATALOG_PRODUCT_ENTITY_DATETIME_STORE_ID_STORE_STORE_ID,magento,catalog_product_entity_datetime,"FOREIGN KEY"
def,magento,CAT_PRD_ENTT_DTIME_ATTR_ID_EAV_ATTR_ATTR_ID,magento,catalog_product_entity_datetime,"FOREIGN KEY"
def,magento,CAT_PRD_ENTT_DTIME_ROW_ID_CAT_PRD_ENTT_ROW_ID,magento,catalog_product_entity_datetime,"FOREIGN KEY"
def,magento,PRIMARY,magento,catalog_product_entity_decimal,"PRIMARY KEY"
def,magento,CATALOG_PRODUCT_ENTITY_DECIMAL_ENTITY_ID_ATTRIBUTE_ID_STORE_ID,magento,catalog_product_entity_decimal,UNIQUE
def,magento,CATALOG_PRODUCT_ENTITY_DECIMAL_STORE_ID_STORE_STORE_ID,magento,catalog_product_entity_decimal,"FOREIGN KEY"
def,magento,CAT_PRD_ENTT_DEC_ATTR_ID_EAV_ATTR_ATTR_ID,magento,catalog_product_entity_decimal,"FOREIGN KEY"
def,magento,CAT_PRD_ENTT_DEC_ROW_ID_CAT_PRD_ENTT_ROW_ID,magento,catalog_product_entity_decimal,"FOREIGN KEY"
def,magento,PRIMARY,magento,catalog_product_entity_gallery,"PRIMARY KEY"
def,magento,CATALOG_PRODUCT_ENTITY_GALLERY_ENTITY_ID_ATTRIBUTE_ID_STORE_ID,magento,catalog_product_entity_gallery,UNIQUE
def,magento,CATALOG_PRODUCT_ENTITY_GALLERY_STORE_ID_STORE_STORE_ID,magento,catalog_product_entity_gallery,"FOREIGN KEY"
def,magento,CAT_PRD_ENTT_GLR_ATTR_ID_EAV_ATTR_ATTR_ID,magento,catalog_product_entity_gallery,"FOREIGN KEY"
def,magento,CAT_PRD_ENTT_GLR_ROW_ID_CAT_PRD_ENTT_ROW_ID,magento,catalog_product_entity_gallery,"FOREIGN KEY"
def,magento,PRIMARY,magento,catalog_product_entity_int,"PRIMARY KEY"
def,magento,CATALOG_PRODUCT_ENTITY_INT_ENTITY_ID_ATTRIBUTE_ID_STORE_ID,magento,catalog_product_entity_int,UNIQUE
def,magento,CATALOG_PRODUCT_ENTITY_INT_ROW_ID_CATALOG_PRODUCT_ENTITY_ROW_ID,magento,catalog_product_entity_int,"FOREIGN KEY"
def,magento,CATALOG_PRODUCT_ENTITY_INT_STORE_ID_STORE_STORE_ID,magento,catalog_product_entity_int,"FOREIGN KEY"
def,magento,CAT_PRD_ENTT_INT_ATTR_ID_EAV_ATTR_ATTR_ID,magento,catalog_product_entity_int,"FOREIGN KEY"
def,magento,PRIMARY,magento,catalog_product_entity_media_gallery,"PRIMARY KEY"
def,magento,CAT_PRD_ENTT_MDA_GLR_ATTR_ID_EAV_ATTR_ATTR_ID,magento,catalog_product_entity_media_gallery,"FOREIGN KEY"
def,magento,PRIMARY,magento,catalog_product_entity_media_gallery_value,"PRIMARY KEY"
def,magento,CAT_PRD_ENTT_MDA_GLR_VAL_ROW_ID_CAT_PRD_ENTT_ROW_ID,magento,catalog_product_entity_media_gallery_value,"FOREIGN KEY"
def,magento,CAT_PRD_ENTT_MDA_GLR_VAL_STORE_ID_STORE_STORE_ID,magento,catalog_product_entity_media_gallery_value,"FOREIGN KEY"
def,magento,CAT_PRD_ENTT_MDA_GLR_VAL_VAL_ID_CAT_PRD_ENTT_MDA_GLR_VAL_ID,magento,catalog_product_entity_media_gallery_value,"FOREIGN KEY"
def,magento,CAT_PRD_ENTT_MDA_GLR_VAL_TO_ENTT_VAL_ID_ENTT_ID,magento,catalog_product_entity_media_gallery_value_to_entity,UNIQUE
def,magento,CAT_PRD_ENTT_MDA_GLR_VAL_TO_ENTT_ROW_ID_CAT_PRD_ENTT_ROW_ID,magento,catalog_product_entity_media_gallery_value_to_entity,"FOREIGN KEY"
def,magento,FK_A6C6C8FAA386736921D3A7C4B50B1185,magento,catalog_product_entity_media_gallery_value_to_entity,"FOREIGN KEY"
def,magento,CAT_PRD_ENTT_MDA_GLR_VAL_VIDEO_VAL_ID_STORE_ID,magento,catalog_product_entity_media_gallery_value_video,UNIQUE
def,magento,CAT_PRD_ENTT_MDA_GLR_VAL_VIDEO_STORE_ID_STORE_STORE_ID,magento,catalog_product_entity_media_gallery_value_video,"FOREIGN KEY"
def,magento,FK_6FDF205946906B0E653E60AA769899F8,magento,catalog_product_entity_media_gallery_value_video,"FOREIGN KEY"
def,magento,PRIMARY,magento,catalog_product_entity_range,"PRIMARY KEY"
def,magento,CATALOG_PRODUCT_ENTITY_RANGE_ROW_ID_ATTRIBUTE_ID_STORE_ID,magento,catalog_product_entity_range,UNIQUE
def,magento,CATALOG_PRODUCT_ENTITY_RANGE2_STORE_ID_STORE_STORE_ID,magento,catalog_product_entity_range,"FOREIGN KEY"
def,magento,CAT_PRD_ENTT_RANGE2_ATTR_ID_EAV_ATTR_ATTR_ID,magento,catalog_product_entity_range,"FOREIGN KEY"
def,magento,CAT_PRD_ENTT_RANGE2_ROW_ID_CAT_PRD_ENTT_ROW_ID,magento,catalog_product_entity_range,"FOREIGN KEY"
def,magento,PRIMARY,magento,catalog_product_entity_text,"PRIMARY KEY"
def,magento,CATALOG_PRODUCT_ENTITY_TEXT_ENTITY_ID_ATTRIBUTE_ID_STORE_ID,magento,catalog_product_entity_text,UNIQUE
def,magento,CATALOG_PRODUCT_ENTITY_TEXT_ROW_ID_CATALOG_PRODUCT_ENTITY_ROW_ID,magento,catalog_product_entity_text,"FOREIGN KEY"
def,magento,CATALOG_PRODUCT_ENTITY_TEXT_STORE_ID_STORE_STORE_ID,magento,catalog_product_entity_text,"FOREIGN KEY"
def,magento,CAT_PRD_ENTT_TEXT_ATTR_ID_EAV_ATTR_ATTR_ID,magento,catalog_product_entity_text,"FOREIGN KEY"
def,magento,PRIMARY,magento,catalog_product_entity_tier_price,"PRIMARY KEY"
def,magento,UNQ_E8AB433B9ACB00343ABB312AD2FAB087,magento,catalog_product_entity_tier_price,UNIQUE
def,magento,CAT_PRD_ENTT_TIER_PRICE_CSTR_GROUP_ID_CSTR_GROUP_CSTR_GROUP_ID,magento,catalog_product_entity_tier_price,"FOREIGN KEY"
def,magento,CAT_PRD_ENTT_TIER_PRICE_ROW_ID_CAT_PRD_ENTT_ROW_ID,magento,catalog_product_entity_tier_price,"FOREIGN KEY"
def,magento,CAT_PRD_ENTT_TIER_PRICE_WS_ID_STORE_WS_WS_ID,magento,catalog_product_entity_tier_price,"FOREIGN KEY"
def,magento,PRIMARY,magento,catalog_product_entity_varchar,"PRIMARY KEY"
def,magento,CATALOG_PRODUCT_ENTITY_VARCHAR_ENTITY_ID_ATTRIBUTE_ID_STORE_ID,magento,catalog_product_entity_varchar,UNIQUE
def,magento,CATALOG_PRODUCT_ENTITY_VARCHAR_STORE_ID_STORE_STORE_ID,magento,catalog_product_entity_varchar,"FOREIGN KEY"
def,magento,CAT_PRD_ENTT_VCHR_ATTR_ID_EAV_ATTR_ATTR_ID,magento,catalog_product_entity_varchar,"FOREIGN KEY"
def,magento,CAT_PRD_ENTT_VCHR_ROW_ID_CAT_PRD_ENTT_ROW_ID,magento,catalog_product_entity_varchar,"FOREIGN KEY"
def,magento,PRIMARY,magento,catalog_product_frontend_action,"PRIMARY KEY"
def,magento,CATALOG_PRODUCT_FRONTEND_ACTION_VISITOR_ID_PRODUCT_ID_TYPE_ID,magento,catalog_product_frontend_action,UNIQUE
def,magento,CATALOG_PRODUCT_FRONTEND_ACTION_CUSTOMER_ID_PRODUCT_ID_TYPE_ID,magento,catalog_product_frontend_action,UNIQUE
def,magento,CAT_PRD_FRONTEND_ACTION_CSTR_ID_CSTR_ENTT_ENTT_ID,magento,catalog_product_frontend_action,"FOREIGN KEY"
def,magento,PRIMARY,magento,catalog_product_index_eav,"PRIMARY KEY"
def,magento,PRIMARY,magento,catalog_product_index_eav_decimal,"PRIMARY KEY"
def,magento,PRIMARY,magento,catalog_product_index_eav_decimal_idx,"PRIMARY KEY"
def,magento,PRIMARY,magento,catalog_product_index_eav_decimal_replica,"PRIMARY KEY"
def,magento,PRIMARY,magento,catalog_product_index_eav_decimal_tmp,"PRIMARY KEY"
def,magento,PRIMARY,magento,catalog_product_index_eav_idx,"PRIMARY KEY"
def,magento,PRIMARY,magento,catalog_product_index_eav_replica,"PRIMARY KEY"
def,magento,PRIMARY,magento,catalog_product_index_eav_tmp,"PRIMARY KEY"
def,magento,PRIMARY,magento,catalog_product_index_price,"PRIMARY KEY"
def,magento,PRIMARY,magento,catalog_product_index_price_bundle_idx,"PRIMARY KEY"
def,magento,PRIMARY,magento,catalog_product_index_price_bundle_opt_idx,"PRIMARY KEY"
def,magento,PRIMARY,magento,catalog_product_index_price_bundle_opt_tmp,"PRIMARY KEY"
def,magento,PRIMARY,magento,catalog_product_index_price_bundle_sel_idx,"PRIMARY KEY"
def,magento,PRIMARY,magento,catalog_product_index_price_bundle_sel_tmp,"PRIMARY KEY"
def,magento,PRIMARY,magento,catalog_product_index_price_bundle_tmp,"PRIMARY KEY"
def,magento,PRIMARY,magento,catalog_product_index_price_cfg_opt_agr_idx,"PRIMARY KEY"
def,magento,PRIMARY,magento,catalog_product_index_price_cfg_opt_agr_tmp,"PRIMARY KEY"
def,magento,PRIMARY,magento,catalog_product_index_price_cfg_opt_idx,"PRIMARY KEY"
def,magento,PRIMARY,magento,catalog_product_index_price_cfg_opt_tmp,"PRIMARY KEY"
def,magento,PRIMARY,magento,catalog_product_index_price_downlod_idx,"PRIMARY KEY"
def,magento,PRIMARY,magento,catalog_product_index_price_downlod_tmp,"PRIMARY KEY"
def,magento,PRIMARY,magento,catalog_product_index_price_final_idx,"PRIMARY KEY"
def,magento,PRIMARY,magento,catalog_product_index_price_final_tmp,"PRIMARY KEY"
def,magento,PRIMARY,magento,catalog_product_index_price_idx,"PRIMARY KEY"
def,magento,PRIMARY,magento,catalog_product_index_price_min,"PRIMARY KEY"
def,magento,PRIMARY,magento,catalog_product_index_price_opt_agr_idx,"PRIMARY KEY"
def,magento,PRIMARY,magento,catalog_product_index_price_opt_agr_tmp,"PRIMARY KEY"
def,magento,PRIMARY,magento,catalog_product_index_price_opt_idx,"PRIMARY KEY"
def,magento,PRIMARY,magento,catalog_product_index_price_opt_tmp,"PRIMARY KEY"
def,magento,PRIMARY,magento,catalog_product_index_price_replica,"PRIMARY KEY"
def,magento,PRIMARY,magento,catalog_product_index_price_tmp,"PRIMARY KEY"
def,magento,PRIMARY,magento,catalog_product_index_tier_price,"PRIMARY KEY"
def,magento,CAT_PRD_IDX_TIER_PRICE_CSTR_GROUP_ID_CSTR_GROUP_CSTR_GROUP_ID,magento,catalog_product_index_tier_price,"FOREIGN KEY"
def,magento,CAT_PRD_IDX_TIER_PRICE_ENTT_ID_SEQUENCE_PRD_SEQUENCE_VAL,magento,catalog_product_index_tier_price,"FOREIGN KEY"
def,magento,CAT_PRD_IDX_TIER_PRICE_WS_ID_STORE_WS_WS_ID,magento,catalog_product_index_tier_price,"FOREIGN KEY"
def,magento,PRIMARY,magento,catalog_product_index_website,"PRIMARY KEY"
def,magento,CAT_PRD_IDX_WS_WS_ID_STORE_WS_WS_ID,magento,catalog_product_index_website,"FOREIGN KEY"
def,magento,PRIMARY,magento,catalog_product_link,"PRIMARY KEY"
def,magento,CATALOG_PRODUCT_LINK_LINK_TYPE_ID_PRODUCT_ID_LINKED_PRODUCT_ID,magento,catalog_product_link,UNIQUE
def,magento,CATALOG_PRODUCT_LINK_PRODUCT_ID_CATALOG_PRODUCT_ENTITY_ROW_ID,magento,catalog_product_link,"FOREIGN KEY"
def,magento,CAT_PRD_LNK_LNKED_PRD_ID_SEQUENCE_PRD_SEQUENCE_VAL,magento,catalog_product_link,"FOREIGN KEY"
def,magento,CAT_PRD_LNK_LNK_TYPE_ID_CAT_PRD_LNK_TYPE_LNK_TYPE_ID,magento,catalog_product_link,"FOREIGN KEY"
def,magento,PRIMARY,magento,catalog_product_link_attribute,"PRIMARY KEY"
def,magento,CAT_PRD_LNK_ATTR_LNK_TYPE_ID_CAT_PRD_LNK_TYPE_LNK_TYPE_ID,magento,catalog_product_link_attribute,"FOREIGN KEY"
def,magento,PRIMARY,magento,catalog_product_link_attribute_decimal,"PRIMARY KEY"
def,magento,CAT_PRD_LNK_ATTR_DEC_PRD_LNK_ATTR_ID_LNK_ID,magento,catalog_product_link_attribute_decimal,UNIQUE
def,magento,CAT_PRD_LNK_ATTR_DEC_LNK_ID_CAT_PRD_LNK_LNK_ID,magento,catalog_product_link_attribute_decimal,"FOREIGN KEY"
def,magento,FK_AB2EFA9A14F7BCF1D5400056203D14B6,magento,catalog_product_link_attribute_decimal,"FOREIGN KEY"
def,magento,PRIMARY,magento,catalog_product_link_attribute_int,"PRIMARY KEY"
def,magento,CAT_PRD_LNK_ATTR_INT_PRD_LNK_ATTR_ID_LNK_ID,magento,catalog_product_link_attribute_int,UNIQUE
def,magento,CAT_PRD_LNK_ATTR_INT_LNK_ID_CAT_PRD_LNK_LNK_ID,magento,catalog_product_link_attribute_int,"FOREIGN KEY"
def,magento,FK_D6D878F8BA2A4282F8DDED7E6E3DE35C,magento,catalog_product_link_attribute_int,"FOREIGN KEY"
def,magento,PRIMARY,magento,catalog_product_link_attribute_varchar,"PRIMARY KEY"
def,magento,CAT_PRD_LNK_ATTR_VCHR_PRD_LNK_ATTR_ID_LNK_ID,magento,catalog_product_link_attribute_varchar,UNIQUE
def,magento,CAT_PRD_LNK_ATTR_VCHR_LNK_ID_CAT_PRD_LNK_LNK_ID,magento,catalog_product_link_attribute_varchar,"FOREIGN KEY"
def,magento,FK_DEE9C4DA61CFCC01DFCF50F0D79CEA51,magento,catalog_product_link_attribute_varchar,"FOREIGN KEY"
def,magento,PRIMARY,magento,catalog_product_link_type,"PRIMARY KEY"
def,magento,PRIMARY,magento,catalog_product_option,"PRIMARY KEY"
def,magento,CATALOG_PRODUCT_OPTION_PRODUCT_ID_CATALOG_PRODUCT_ENTITY_ROW_ID,magento,catalog_product_option,"FOREIGN KEY"
def,magento,PRIMARY,magento,catalog_product_option_price,"PRIMARY KEY"
def,magento,CATALOG_PRODUCT_OPTION_PRICE_OPTION_ID_STORE_ID,magento,catalog_product_option_price,UNIQUE
def,magento,CATALOG_PRODUCT_OPTION_PRICE_STORE_ID_STORE_STORE_ID,magento,catalog_product_option_price,"FOREIGN KEY"
def,magento,CAT_PRD_OPT_PRICE_OPT_ID_CAT_PRD_OPT_OPT_ID,magento,catalog_product_option_price,"FOREIGN KEY"
def,magento,PRIMARY,magento,catalog_product_option_title,"PRIMARY KEY"
def,magento,CATALOG_PRODUCT_OPTION_TITLE_OPTION_ID_STORE_ID,magento,catalog_product_option_title,UNIQUE
def,magento,CATALOG_PRODUCT_OPTION_TITLE_STORE_ID_STORE_STORE_ID,magento,catalog_product_option_title,"FOREIGN KEY"
def,magento,CAT_PRD_OPT_TTL_OPT_ID_CAT_PRD_OPT_OPT_ID,magento,catalog_product_option_title,"FOREIGN KEY"
def,magento,PRIMARY,magento,catalog_product_option_type_price,"PRIMARY KEY"
def,magento,CATALOG_PRODUCT_OPTION_TYPE_PRICE_OPTION_TYPE_ID_STORE_ID,magento,catalog_product_option_type_price,UNIQUE
def,magento,CATALOG_PRODUCT_OPTION_TYPE_PRICE_STORE_ID_STORE_STORE_ID,magento,catalog_product_option_type_price,"FOREIGN KEY"
def,magento,FK_B523E3378E8602F376CC415825576B7F,magento,catalog_product_option_type_price,"FOREIGN KEY"
def,magento,PRIMARY,magento,catalog_product_option_type_title,"PRIMARY KEY"
def,magento,CATALOG_PRODUCT_OPTION_TYPE_TITLE_OPTION_TYPE_ID_STORE_ID,magento,catalog_product_option_type_title,UNIQUE
def,magento,CATALOG_PRODUCT_OPTION_TYPE_TITLE_STORE_ID_STORE_STORE_ID,magento,catalog_product_option_type_title,"FOREIGN KEY"
def,magento,FK_C085B9CF2C2A302E8043FDEA1937D6A2,magento,catalog_product_option_type_title,"FOREIGN KEY"
def,magento,PRIMARY,magento,catalog_product_option_type_value,"PRIMARY KEY"
def,magento,CAT_PRD_OPT_TYPE_VAL_OPT_ID_CAT_PRD_OPT_OPT_ID,magento,catalog_product_option_type_value,"FOREIGN KEY"
def,magento,PRIMARY,magento,catalog_product_price_cl,"PRIMARY KEY"
def,magento,PRIMARY,magento,catalog_product_relation,"PRIMARY KEY"
def,magento,CAT_PRD_RELATION_CHILD_ID_SEQUENCE_PRD_SEQUENCE_VAL,magento,catalog_product_relation,"FOREIGN KEY"
def,magento,CAT_PRD_RELATION_PARENT_ID_CAT_PRD_ENTT_ENTT_ID,magento,catalog_product_relation,"FOREIGN KEY"
def,magento,PRIMARY,magento,catalog_product_super_attribute,"PRIMARY KEY"
def,magento,CATALOG_PRODUCT_SUPER_ATTRIBUTE_PRODUCT_ID_ATTRIBUTE_ID,magento,catalog_product_super_attribute,UNIQUE
def,magento,CAT_PRD_SPR_ATTR_PRD_ID_CAT_PRD_ENTT_ROW_ID,magento,catalog_product_super_attribute,"FOREIGN KEY"
def,magento,PRIMARY,magento,catalog_product_super_attribute_label,"PRIMARY KEY"
def,magento,CAT_PRD_SPR_ATTR_LBL_PRD_SPR_ATTR_ID_STORE_ID,magento,catalog_product_super_attribute_label,UNIQUE
def,magento,CATALOG_PRODUCT_SUPER_ATTRIBUTE_LABEL_STORE_ID_STORE_STORE_ID,magento,catalog_product_super_attribute_label,"FOREIGN KEY"
def,magento,FK_309442281DF7784210ED82B2CC51E5D5,magento,catalog_product_super_attribute_label,"FOREIGN KEY"
def,magento,PRIMARY,magento,catalog_product_super_link,"PRIMARY KEY"
def,magento,CATALOG_PRODUCT_SUPER_LINK_PRODUCT_ID_PARENT_ID,magento,catalog_product_super_link,UNIQUE
def,magento,CAT_PRD_SPR_LNK_PARENT_ID_CAT_PRD_ENTT_ROW_ID,magento,catalog_product_super_link,"FOREIGN KEY"
def,magento,CAT_PRD_SPR_LNK_PRD_ID_SEQUENCE_PRD_SEQUENCE_VAL,magento,catalog_product_super_link,"FOREIGN KEY"
def,magento,PRIMARY,magento,catalog_product_website,"PRIMARY KEY"
def,magento,CATALOG_PRODUCT_WEBSITE_WEBSITE_ID_STORE_WEBSITE_WEBSITE_ID,magento,catalog_product_website,"FOREIGN KEY"
def,magento,CAT_PRD_WS_PRD_ID_SEQUENCE_PRD_SEQUENCE_VAL,magento,catalog_product_website,"FOREIGN KEY"
def,magento,CAT_URL_REWRITE_PRD_CTGR_CTGR_ID_SEQUENCE_CAT_CTGR_SEQUENCE_VAL,magento,catalog_url_rewrite_product_category,"FOREIGN KEY"
def,magento,CAT_URL_REWRITE_PRD_CTGR_PRD_ID_SEQUENCE_PRD_SEQUENCE_VAL,magento,catalog_url_rewrite_product_category,"FOREIGN KEY"
def,magento,FK_BB79E64705D7F17FE181F23144528FC8,magento,catalog_url_rewrite_product_category,"FOREIGN KEY"
def,magento,PRIMARY,magento,cataloginventory_stock,"PRIMARY KEY"
def,magento,PRIMARY,magento,cataloginventory_stock_cl,"PRIMARY KEY"
def,magento,PRIMARY,magento,cataloginventory_stock_item,"PRIMARY KEY"
def,magento,CATALOGINVENTORY_STOCK_ITEM_PRODUCT_ID_STOCK_ID,magento,cataloginventory_stock_item,UNIQUE
def,magento,CATINV_STOCK_ITEM_PRD_ID_SEQUENCE_PRD_SEQUENCE_VAL,magento,cataloginventory_stock_item,"FOREIGN KEY"
def,magento,CATINV_STOCK_ITEM_STOCK_ID_CATINV_STOCK_STOCK_ID,magento,cataloginventory_stock_item,"FOREIGN KEY"
def,magento,PRIMARY,magento,cataloginventory_stock_status,"PRIMARY KEY"
def,magento,PRIMARY,magento,cataloginventory_stock_status_idx,"PRIMARY KEY"
def,magento,PRIMARY,magento,cataloginventory_stock_status_replica,"PRIMARY KEY"
def,magento,PRIMARY,magento,cataloginventory_stock_status_tmp,"PRIMARY KEY"
def,magento,PRIMARY,magento,catalogrule,"PRIMARY KEY"
def,magento,CATALOGRULE_RULE_ID_SEQUENCE_CATALOGRULE_SEQUENCE_VALUE,magento,catalogrule,"FOREIGN KEY"
def,magento,PRIMARY,magento,catalogrule_customer_group,"PRIMARY KEY"
def,magento,CATALOGRULE_CUSTOMER_GROUP_ROW_ID_CATALOGRULE_ROW_ID,magento,catalogrule_customer_group,"FOREIGN KEY"
def,magento,CATRULE_CSTR_GROUP_CSTR_GROUP_ID_CSTR_GROUP_CSTR_GROUP_ID,magento,catalogrule_customer_group,"FOREIGN KEY"
def,magento,PRIMARY,magento,catalogrule_group_website,"PRIMARY KEY"
def,magento,PRIMARY,magento,catalogrule_group_website_replica,"PRIMARY KEY"
def,magento,PRIMARY,magento,catalogrule_product,"PRIMARY KEY"
def,magento,IDX_EAA51B56FF092A0DCB795D1CEF812B7B,magento,catalogrule_product,UNIQUE
def,magento,PRIMARY,magento,catalogrule_product_cl,"PRIMARY KEY"
def,magento,PRIMARY,magento,catalogrule_product_price,"PRIMARY KEY"
def,magento,CATRULE_PRD_PRICE_RULE_DATE_WS_ID_CSTR_GROUP_ID_PRD_ID,magento,catalogrule_product_price,UNIQUE
def,magento,PRIMARY,magento,catalogrule_product_price_replica,"PRIMARY KEY"
def,magento,CATRULE_PRD_PRICE_RULE_DATE_WS_ID_CSTR_GROUP_ID_PRD_ID,magento,catalogrule_product_price_replica,UNIQUE
def,magento,PRIMARY,magento,catalogrule_product_replica,"PRIMARY KEY"
def,magento,IDX_EAA51B56FF092A0DCB795D1CEF812B7B,magento,catalogrule_product_replica,UNIQUE
def,magento,PRIMARY,magento,catalogrule_rule_cl,"PRIMARY KEY"
def,magento,PRIMARY,magento,catalogrule_website,"PRIMARY KEY"
def,magento,CATALOGRULE_WEBSITE_ROW_ID_CATALOGRULE_ROW_ID,magento,catalogrule_website,"FOREIGN KEY"
def,magento,CATALOGRULE_WEBSITE_WEBSITE_ID_STORE_WEBSITE_WEBSITE_ID,magento,catalogrule_website,"FOREIGN KEY"
def,magento,PRIMARY,magento,catalogsearch_fulltext_cl,"PRIMARY KEY"
def,magento,PRIMARY,magento,catalogsearch_fulltext_scope1,"PRIMARY KEY"
def,magento,PRIMARY,magento,catalogsearch_fulltext_scope8,"PRIMARY KEY"
def,magento,PRIMARY,magento,catalogsearch_fulltext_scope8_tmp,"PRIMARY KEY"
def,magento,PRIMARY,magento,catalogsearch_recommendations,"PRIMARY KEY"
def,magento,CATALOGSEARCH_RECOMMENDATIONS_QUERY_ID_SEARCH_QUERY_QUERY_ID,magento,catalogsearch_recommendations,"FOREIGN KEY"
def,magento,CATALOGSEARCH_RECOMMENDATIONS_RELATION_ID_SEARCH_QUERY_QUERY_ID,magento,catalogsearch_recommendations,"FOREIGN KEY"
def,magento,PRIMARY,magento,checkout_agreement,"PRIMARY KEY"
def,magento,PRIMARY,magento,checkout_agreement_store,"PRIMARY KEY"
def,magento,CHECKOUT_AGREEMENT_STORE_STORE_ID_STORE_STORE_ID,magento,checkout_agreement_store,"FOREIGN KEY"
def,magento,CHKT_AGRT_STORE_AGRT_ID_CHKT_AGRT_AGRT_ID,magento,checkout_agreement_store,"FOREIGN KEY"
def,magento,PRIMARY,magento,cms_block,"PRIMARY KEY"
def,magento,CMS_BLOCK_BLOCK_ID_SEQUENCE_CMS_BLOCK_SEQUENCE_VALUE,magento,cms_block,"FOREIGN KEY"
def,magento,PRIMARY,magento,cms_block_store,"PRIMARY KEY"
def,magento,CMS_BLOCK_STORE_ROW_ID_CMS_BLOCK_ROW_ID,magento,cms_block_store,"FOREIGN KEY"
def,magento,CMS_BLOCK_STORE_STORE_ID_STORE_STORE_ID,magento,cms_block_store,"FOREIGN KEY"
def,magento,PRIMARY,magento,cms_page,"PRIMARY KEY"
def,magento,CMS_PAGE_PAGE_ID_SEQUENCE_CMS_PAGE_SEQUENCE_VALUE,magento,cms_page,"FOREIGN KEY"
def,magento,PRIMARY,magento,cms_page_store,"PRIMARY KEY"
def,magento,CMS_PAGE_STORE_ROW_ID_CMS_PAGE_ROW_ID,magento,cms_page_store,"FOREIGN KEY"
def,magento,CMS_PAGE_STORE_STORE_ID_STORE_STORE_ID,magento,cms_page_store,"FOREIGN KEY"
def,magento,PRIMARY,magento,company,"PRIMARY KEY"
def,magento,COMPANY_COUNTRY_ID_DIRECTORY_COUNTRY_COUNTRY_ID,magento,company,"FOREIGN KEY"
def,magento,COMPANY_CUSTOMER_GROUP_ID_CUSTOMER_GROUP_CUSTOMER_GROUP_ID,magento,company,"FOREIGN KEY"
def,magento,COMPANY_REGION_ID_DIRECTORY_COUNTRY_REGION_REGION_ID,magento,company,"FOREIGN KEY"
def,magento,COMPANY_SALES_REPRESENTATIVE_ID_ADMIN_USER_USER_ID,magento,company,"FOREIGN KEY"
def,magento,COMPANY_ADVANCED_CUSTOMER_ENTITY_CUSTOMER_ID,magento,company_advanced_customer_entity,UNIQUE
def,magento,COMPANY_ADVANCED_CSTR_ENTT_CSTR_ID_CSTR_ENTT_ENTT_ID,magento,company_advanced_customer_entity,"FOREIGN KEY"
def,magento,PRIMARY,magento,company_credit,"PRIMARY KEY"
def,magento,COMPANY_CREDIT_COMPANY_ID_DIRECTORY_COUNTRY_COUNTRY_ID,magento,company_credit,"FOREIGN KEY"
def,magento,PRIMARY,magento,company_credit_history,"PRIMARY KEY"
def,magento,COMPANY_CREDIT_HISTORY_COMPANY_CREDIT_ID_COMPANY_CREDIT_ENTT_ID,magento,company_credit_history,"FOREIGN KEY"
def,magento,PRIMARY,magento,company_order_entity,"PRIMARY KEY"
def,magento,COMPANY_ORDER_ENTITY_ENTITY_ID,magento,company_order_entity,UNIQUE
def,magento,COMPANY_ORDER_ENTITY_ORDER_ID,magento,company_order_entity,UNIQUE
def,magento,COMPANY_ORDER_ENTITY_ORDER_ID_SALES_ORDER_ENTITY_ID,magento,company_order_entity,"FOREIGN KEY"
def,magento,COMPANY_PAYMENT_COMPANY_ID_COMPANY_ENTITY_ID,magento,company_payment,"FOREIGN KEY"
def,magento,PRIMARY,magento,company_permissions,"PRIMARY KEY"
def,magento,COMPANY_PERMISSIONS_ROLE_ID_COMPANY_ROLES_ROLE_ID,magento,company_permissions,"FOREIGN KEY"
def,magento,PRIMARY,magento,company_roles,"PRIMARY KEY"
def,magento,COMPANY_ROLES_COMPANY_ID_COMPANY_ENTITY_ID,magento,company_roles,"FOREIGN KEY"
def,magento,PRIMARY,magento,company_structure,"PRIMARY KEY"
def,magento,PRIMARY,magento,company_team,"PRIMARY KEY"
def,magento,PRIMARY,magento,company_user_roles,"PRIMARY KEY"
def,magento,COMPANY_USER_ROLES_ROLE_ID_COMPANY_ROLES_ROLE_ID,magento,company_user_roles,"FOREIGN KEY"
def,magento,COMPANY_USER_ROLES_USER_ID_CUSTOMER_ENTITY_ENTITY_ID,magento,company_user_roles,"FOREIGN KEY"
def,magento,PRIMARY,magento,core_config_data,"PRIMARY KEY"
def,magento,CORE_CONFIG_DATA_SCOPE_SCOPE_ID_PATH,magento,core_config_data,UNIQUE
def,magento,PRIMARY,magento,cron_schedule,"PRIMARY KEY"
def,magento,PRIMARY,magento,customer_address_entity,"PRIMARY KEY"
def,magento,CUSTOMER_ADDRESS_ENTITY_PARENT_ID_CUSTOMER_ENTITY_ENTITY_ID,magento,customer_address_entity,"FOREIGN KEY"
def,magento,PRIMARY,magento,customer_address_entity_datetime,"PRIMARY KEY"
def,magento,CUSTOMER_ADDRESS_ENTITY_DATETIME_ENTITY_ID_ATTRIBUTE_ID,magento,customer_address_entity_datetime,UNIQUE
def,magento,CSTR_ADDR_ENTT_DTIME_ATTR_ID_EAV_ATTR_ATTR_ID,magento,customer_address_entity_datetime,"FOREIGN KEY"
def,magento,CSTR_ADDR_ENTT_DTIME_ENTT_ID_CSTR_ADDR_ENTT_ENTT_ID,magento,customer_address_entity_datetime,"FOREIGN KEY"
def,magento,PRIMARY,magento,customer_address_entity_decimal,"PRIMARY KEY"
def,magento,CUSTOMER_ADDRESS_ENTITY_DECIMAL_ENTITY_ID_ATTRIBUTE_ID,magento,customer_address_entity_decimal,UNIQUE
def,magento,CSTR_ADDR_ENTT_DEC_ATTR_ID_EAV_ATTR_ATTR_ID,magento,customer_address_entity_decimal,"FOREIGN KEY"
def,magento,CSTR_ADDR_ENTT_DEC_ENTT_ID_CSTR_ADDR_ENTT_ENTT_ID,magento,customer_address_entity_decimal,"FOREIGN KEY"
def,magento,PRIMARY,magento,customer_address_entity_int,"PRIMARY KEY"
def,magento,CUSTOMER_ADDRESS_ENTITY_INT_ENTITY_ID_ATTRIBUTE_ID,magento,customer_address_entity_int,UNIQUE
def,magento,CSTR_ADDR_ENTT_INT_ATTR_ID_EAV_ATTR_ATTR_ID,magento,customer_address_entity_int,"FOREIGN KEY"
def,magento,CSTR_ADDR_ENTT_INT_ENTT_ID_CSTR_ADDR_ENTT_ENTT_ID,magento,customer_address_entity_int,"FOREIGN KEY"
def,magento,PRIMARY,magento,customer_address_entity_text,"PRIMARY KEY"
def,magento,CUSTOMER_ADDRESS_ENTITY_TEXT_ENTITY_ID_ATTRIBUTE_ID,magento,customer_address_entity_text,UNIQUE
def,magento,CSTR_ADDR_ENTT_TEXT_ATTR_ID_EAV_ATTR_ATTR_ID,magento,customer_address_entity_text,"FOREIGN KEY"
def,magento,CSTR_ADDR_ENTT_TEXT_ENTT_ID_CSTR_ADDR_ENTT_ENTT_ID,magento,customer_address_entity_text,"FOREIGN KEY"
def,magento,PRIMARY,magento,customer_address_entity_varchar,"PRIMARY KEY"
def,magento,CUSTOMER_ADDRESS_ENTITY_VARCHAR_ENTITY_ID_ATTRIBUTE_ID,magento,customer_address_entity_varchar,UNIQUE
def,magento,CSTR_ADDR_ENTT_VCHR_ATTR_ID_EAV_ATTR_ATTR_ID,magento,customer_address_entity_varchar,"FOREIGN KEY"
def,magento,CSTR_ADDR_ENTT_VCHR_ENTT_ID_CSTR_ADDR_ENTT_ENTT_ID,magento,customer_address_entity_varchar,"FOREIGN KEY"
def,magento,PRIMARY,magento,customer_dummy_cl,"PRIMARY KEY"
def,magento,PRIMARY,magento,customer_eav_attribute,"PRIMARY KEY"
def,magento,CUSTOMER_EAV_ATTRIBUTE_ATTRIBUTE_ID_EAV_ATTRIBUTE_ATTRIBUTE_ID,magento,customer_eav_attribute,"FOREIGN KEY"
def,magento,PRIMARY,magento,customer_eav_attribute_website,"PRIMARY KEY"
def,magento,CSTR_EAV_ATTR_WS_ATTR_ID_EAV_ATTR_ATTR_ID,magento,customer_eav_attribute_website,"FOREIGN KEY"
def,magento,CSTR_EAV_ATTR_WS_WS_ID_STORE_WS_WS_ID,magento,customer_eav_attribute_website,"FOREIGN KEY"
def,magento,PRIMARY,magento,customer_entity,"PRIMARY KEY"
def,magento,CUSTOMER_ENTITY_EMAIL_WEBSITE_ID,magento,customer_entity,UNIQUE
def,magento,CUSTOMER_ENTITY_STORE_ID_STORE_STORE_ID,magento,customer_entity,"FOREIGN KEY"
def,magento,CUSTOMER_ENTITY_WEBSITE_ID_STORE_WEBSITE_WEBSITE_ID,magento,customer_entity,"FOREIGN KEY"
def,magento,PRIMARY,magento,customer_entity_datetime,"PRIMARY KEY"
def,magento,CUSTOMER_ENTITY_DATETIME_ENTITY_ID_ATTRIBUTE_ID,magento,customer_entity_datetime,UNIQUE
def,magento,CUSTOMER_ENTITY_DATETIME_ATTRIBUTE_ID_EAV_ATTRIBUTE_ATTRIBUTE_ID,magento,customer_entity_datetime,"FOREIGN KEY"
def,magento,CUSTOMER_ENTITY_DATETIME_ENTITY_ID_CUSTOMER_ENTITY_ENTITY_ID,magento,customer_entity_datetime,"FOREIGN KEY"
def,magento,PRIMARY,magento,customer_entity_decimal,"PRIMARY KEY"
def,magento,CUSTOMER_ENTITY_DECIMAL_ENTITY_ID_ATTRIBUTE_ID,magento,customer_entity_decimal,UNIQUE
def,magento,CUSTOMER_ENTITY_DECIMAL_ATTRIBUTE_ID_EAV_ATTRIBUTE_ATTRIBUTE_ID,magento,customer_entity_decimal,"FOREIGN KEY"
def,magento,CUSTOMER_ENTITY_DECIMAL_ENTITY_ID_CUSTOMER_ENTITY_ENTITY_ID,magento,customer_entity_decimal,"FOREIGN KEY"
def,magento,PRIMARY,magento,customer_entity_int,"PRIMARY KEY"
def,magento,CUSTOMER_ENTITY_INT_ENTITY_ID_ATTRIBUTE_ID,magento,customer_entity_int,UNIQUE
def,magento,CUSTOMER_ENTITY_INT_ATTRIBUTE_ID_EAV_ATTRIBUTE_ATTRIBUTE_ID,magento,customer_entity_int,"FOREIGN KEY"
def,magento,CUSTOMER_ENTITY_INT_ENTITY_ID_CUSTOMER_ENTITY_ENTITY_ID,magento,customer_entity_int,"FOREIGN KEY"
def,magento,PRIMARY,magento,customer_entity_text,"PRIMARY KEY"
def,magento,CUSTOMER_ENTITY_TEXT_ENTITY_ID_ATTRIBUTE_ID,magento,customer_entity_text,UNIQUE
def,magento,CUSTOMER_ENTITY_TEXT_ATTRIBUTE_ID_EAV_ATTRIBUTE_ATTRIBUTE_ID,magento,customer_entity_text,"FOREIGN KEY"
def,magento,CUSTOMER_ENTITY_TEXT_ENTITY_ID_CUSTOMER_ENTITY_ENTITY_ID,magento,customer_entity_text,"FOREIGN KEY"
def,magento,PRIMARY,magento,customer_entity_varchar,"PRIMARY KEY"
def,magento,CUSTOMER_ENTITY_VARCHAR_ENTITY_ID_ATTRIBUTE_ID,magento,customer_entity_varchar,UNIQUE
def,magento,CUSTOMER_ENTITY_VARCHAR_ATTRIBUTE_ID_EAV_ATTRIBUTE_ATTRIBUTE_ID,magento,customer_entity_varchar,"FOREIGN KEY"
def,magento,CUSTOMER_ENTITY_VARCHAR_ENTITY_ID_CUSTOMER_ENTITY_ENTITY_ID,magento,customer_entity_varchar,"FOREIGN KEY"
def,magento,PRIMARY,magento,customer_form_attribute,"PRIMARY KEY"
def,magento,CUSTOMER_FORM_ATTRIBUTE_ATTRIBUTE_ID_EAV_ATTRIBUTE_ATTRIBUTE_ID,magento,customer_form_attribute,"FOREIGN KEY"
def,magento,PRIMARY,magento,customer_grid_flat,"PRIMARY KEY"
def,magento,PRIMARY,magento,customer_group,"PRIMARY KEY"
def,magento,PRIMARY,magento,customer_log,"PRIMARY KEY"
def,magento,CUSTOMER_LOG_CUSTOMER_ID,magento,customer_log,UNIQUE
def,magento,PRIMARY,magento,customer_order_data,"PRIMARY KEY"
def,magento,CUSTOMER_ORDER_DATA_ORDER_ID_SALES_ORDER_ENTITY_ID,magento,customer_order_data,"FOREIGN KEY"
def,magento,PRIMARY,magento,customer_quote_data,"PRIMARY KEY"
def,magento,CUSTOMER_QUOTE_DATA_QUOTE_ID_QUOTE_ENTITY_ID,magento,customer_quote_data,"FOREIGN KEY"
def,magento,PRIMARY,magento,customer_visitor,"PRIMARY KEY"
def,magento,PRIMARY,magento,design_change,"PRIMARY KEY"
def,magento,DESIGN_CHANGE_STORE_ID_STORE_STORE_ID,magento,design_change,"FOREIGN KEY"
def,magento,PRIMARY,magento,design_config_dummy_cl,"PRIMARY KEY"
def,magento,PRIMARY,magento,design_config_grid_flat,"PRIMARY KEY"
def,magento,PRIMARY,magento,directory_country,"PRIMARY KEY"
def,magento,PRIMARY,magento,directory_country_format,"PRIMARY KEY"
def,magento,DIRECTORY_COUNTRY_FORMAT_COUNTRY_ID_TYPE,magento,directory_country_format,UNIQUE
def,magento,PRIMARY,magento,directory_country_region,"PRIMARY KEY"
def,magento,PRIMARY,magento,directory_country_region_name,"PRIMARY KEY"
def,magento,DIR_COUNTRY_REGION_NAME_REGION_ID_DIR_COUNTRY_REGION_REGION_ID,magento,directory_country_region_name,"FOREIGN KEY"
def,magento,PRIMARY,magento,directory_currency_rate,"PRIMARY KEY"
def,magento,PRIMARY,magento,downloadable_link,"PRIMARY KEY"
def,magento,DOWNLOADABLE_LINK_PRODUCT_ID_CATALOG_PRODUCT_ENTITY_ROW_ID,magento,downloadable_link,"FOREIGN KEY"
def,magento,PRIMARY,magento,downloadable_link_price,"PRIMARY KEY"
def,magento,DOWNLOADABLE_LINK_PRICE_LINK_ID_DOWNLOADABLE_LINK_LINK_ID,magento,downloadable_link_price,"FOREIGN KEY"
def,magento,DOWNLOADABLE_LINK_PRICE_WEBSITE_ID_STORE_WEBSITE_WEBSITE_ID,magento,downloadable_link_price,"FOREIGN KEY"
def,magento,PRIMARY,magento,downloadable_link_purchased,"PRIMARY KEY"
def,magento,DL_LNK_PURCHASED_CSTR_ID_CSTR_ENTT_ENTT_ID,magento,downloadable_link_purchased,"FOREIGN KEY"
def,magento,DOWNLOADABLE_LINK_PURCHASED_ORDER_ID_SALES_ORDER_ENTITY_ID,magento,downloadable_link_purchased,"FOREIGN KEY"
def,magento,PRIMARY,magento,downloadable_link_purchased_item,"PRIMARY KEY"
def,magento,DL_LNK_PURCHASED_ITEM_ORDER_ITEM_ID_SALES_ORDER_ITEM_ITEM_ID,magento,downloadable_link_purchased_item,"FOREIGN KEY"
def,magento,DL_LNK_PURCHASED_ITEM_PURCHASED_ID_DL_LNK_PURCHASED_PURCHASED_ID,magento,downloadable_link_purchased_item,"FOREIGN KEY"
def,magento,PRIMARY,magento,downloadable_link_title,"PRIMARY KEY"
def,magento,DOWNLOADABLE_LINK_TITLE_LINK_ID_STORE_ID,magento,downloadable_link_title,UNIQUE
def,magento,DOWNLOADABLE_LINK_TITLE_LINK_ID_DOWNLOADABLE_LINK_LINK_ID,magento,downloadable_link_title,"FOREIGN KEY"
def,magento,DOWNLOADABLE_LINK_TITLE_STORE_ID_STORE_STORE_ID,magento,downloadable_link_title,"FOREIGN KEY"
def,magento,PRIMARY,magento,downloadable_sample,"PRIMARY KEY"
def,magento,DOWNLOADABLE_SAMPLE_PRODUCT_ID_CATALOG_PRODUCT_ENTITY_ROW_ID,magento,downloadable_sample,"FOREIGN KEY"
def,magento,PRIMARY,magento,downloadable_sample_title,"PRIMARY KEY"
def,magento,DOWNLOADABLE_SAMPLE_TITLE_SAMPLE_ID_STORE_ID,magento,downloadable_sample_title,UNIQUE
def,magento,DL_SAMPLE_TTL_SAMPLE_ID_DL_SAMPLE_SAMPLE_ID,magento,downloadable_sample_title,"FOREIGN KEY"
def,magento,DOWNLOADABLE_SAMPLE_TITLE_STORE_ID_STORE_STORE_ID,magento,downloadable_sample_title,"FOREIGN KEY"
def,magento,PRIMARY,magento,eav_attribute,"PRIMARY KEY"
def,magento,EAV_ATTRIBUTE_ENTITY_TYPE_ID_ATTRIBUTE_CODE,magento,eav_attribute,UNIQUE
def,magento,EAV_ATTRIBUTE_ENTITY_TYPE_ID_EAV_ENTITY_TYPE_ENTITY_TYPE_ID,magento,eav_attribute,"FOREIGN KEY"
def,magento,PRIMARY,magento,eav_attribute_group,"PRIMARY KEY"
def,magento,CATALOG_CATEGORY_PRODUCT_ATTRIBUTE_SET_ID_ATTRIBUTE_GROUP_CODE,magento,eav_attribute_group,UNIQUE
def,magento,EAV_ATTRIBUTE_GROUP_ATTRIBUTE_SET_ID_ATTRIBUTE_GROUP_NAME,magento,eav_attribute_group,UNIQUE
def,magento,EAV_ATTR_GROUP_ATTR_SET_ID_EAV_ATTR_SET_ATTR_SET_ID,magento,eav_attribute_group,"FOREIGN KEY"
def,magento,PRIMARY,magento,eav_attribute_label,"PRIMARY KEY"
def,magento,EAV_ATTRIBUTE_LABEL_ATTRIBUTE_ID_EAV_ATTRIBUTE_ATTRIBUTE_ID,magento,eav_attribute_label,"FOREIGN KEY"
def,magento,EAV_ATTRIBUTE_LABEL_STORE_ID_STORE_STORE_ID,magento,eav_attribute_label,"FOREIGN KEY"
def,magento,PRIMARY,magento,eav_attribute_option,"PRIMARY KEY"
def,magento,EAV_ATTRIBUTE_OPTION_ATTRIBUTE_ID_EAV_ATTRIBUTE_ATTRIBUTE_ID,magento,eav_attribute_option,"FOREIGN KEY"
def,magento,EAV_ATTRIBUTE_OPTION_SAP_CODE_BOLD_IMPORT_VALUE_PARAMETER_ID,magento,eav_attribute_option,"FOREIGN KEY"
def,magento,PRIMARY,magento,eav_attribute_option_swatch,"PRIMARY KEY"
def,magento,EAV_ATTRIBUTE_OPTION_SWATCH_STORE_ID_OPTION_ID,magento,eav_attribute_option_swatch,UNIQUE
def,magento,EAV_ATTRIBUTE_OPTION_SWATCH_STORE_ID_STORE_STORE_ID,magento,eav_attribute_option_swatch,"FOREIGN KEY"
def,magento,EAV_ATTR_OPT_SWATCH_OPT_ID_EAV_ATTR_OPT_OPT_ID,magento,eav_attribute_option_swatch,"FOREIGN KEY"
def,magento,PRIMARY,magento,eav_attribute_option_value,"PRIMARY KEY"
def,magento,EAV_ATTRIBUTE_OPTION_VALUE_STORE_ID_STORE_STORE_ID,magento,eav_attribute_option_value,"FOREIGN KEY"
def,magento,EAV_ATTR_OPT_VAL_OPT_ID_EAV_ATTR_OPT_OPT_ID,magento,eav_attribute_option_value,"FOREIGN KEY"
def,magento,PRIMARY,magento,eav_attribute_set,"PRIMARY KEY"
def,magento,EAV_ATTRIBUTE_SET_ENTITY_TYPE_ID_ATTRIBUTE_SET_CODE,magento,eav_attribute_set,UNIQUE
def,magento,EAV_ATTRIBUTE_SET_ENTITY_TYPE_ID_EAV_ENTITY_TYPE_ENTITY_TYPE_ID,magento,eav_attribute_set,"FOREIGN KEY"
def,magento,PRIMARY,magento,eav_entity,"PRIMARY KEY"
def,magento,EAV_ENTITY_ENTITY_TYPE_ID_EAV_ENTITY_TYPE_ENTITY_TYPE_ID,magento,eav_entity,"FOREIGN KEY"
def,magento,EAV_ENTITY_STORE_ID_STORE_STORE_ID,magento,eav_entity,"FOREIGN KEY"
def,magento,PRIMARY,magento,eav_entity_attribute,"PRIMARY KEY"
def,magento,EAV_ENTITY_ATTRIBUTE_ATTRIBUTE_SET_ID_ATTRIBUTE_ID,magento,eav_entity_attribute,UNIQUE
def,magento,EAV_ENTITY_ATTRIBUTE_ATTRIBUTE_GROUP_ID_ATTRIBUTE_ID,magento,eav_entity_attribute,UNIQUE
def,magento,EAV_ENTITY_ATTRIBUTE_ATTRIBUTE_ID_EAV_ATTRIBUTE_ATTRIBUTE_ID,magento,eav_entity_attribute,"FOREIGN KEY"
def,magento,EAV_ENTT_ATTR_ATTR_GROUP_ID_EAV_ATTR_GROUP_ATTR_GROUP_ID,magento,eav_entity_attribute,"FOREIGN KEY"
def,magento,PRIMARY,magento,eav_entity_datetime,"PRIMARY KEY"
def,magento,EAV_ENTITY_DATETIME_ENTITY_ID_ATTRIBUTE_ID_STORE_ID,magento,eav_entity_datetime,UNIQUE
def,magento,EAV_ENTITY_DATETIME_ENTITY_ID_EAV_ENTITY_ENTITY_ID,magento,eav_entity_datetime,"FOREIGN KEY"
def,magento,EAV_ENTITY_DATETIME_STORE_ID_STORE_STORE_ID,magento,eav_entity_datetime,"FOREIGN KEY"
def,magento,EAV_ENTT_DTIME_ENTT_TYPE_ID_EAV_ENTT_TYPE_ENTT_TYPE_ID,magento,eav_entity_datetime,"FOREIGN KEY"
def,magento,PRIMARY,magento,eav_entity_decimal,"PRIMARY KEY"
def,magento,EAV_ENTITY_DECIMAL_ENTITY_ID_ATTRIBUTE_ID_STORE_ID,magento,eav_entity_decimal,UNIQUE
def,magento,EAV_ENTITY_DECIMAL_ENTITY_ID_EAV_ENTITY_ENTITY_ID,magento,eav_entity_decimal,"FOREIGN KEY"
def,magento,EAV_ENTITY_DECIMAL_ENTITY_TYPE_ID_EAV_ENTITY_TYPE_ENTITY_TYPE_ID,magento,eav_entity_decimal,"FOREIGN KEY"
def,magento,EAV_ENTITY_DECIMAL_STORE_ID_STORE_STORE_ID,magento,eav_entity_decimal,"FOREIGN KEY"
def,magento,PRIMARY,magento,eav_entity_int,"PRIMARY KEY"
def,magento,EAV_ENTITY_INT_ENTITY_ID_ATTRIBUTE_ID_STORE_ID,magento,eav_entity_int,UNIQUE
def,magento,EAV_ENTITY_INT_ENTITY_ID_EAV_ENTITY_ENTITY_ID,magento,eav_entity_int,"FOREIGN KEY"
def,magento,EAV_ENTITY_INT_ENTITY_TYPE_ID_EAV_ENTITY_TYPE_ENTITY_TYPE_ID,magento,eav_entity_int,"FOREIGN KEY"
def,magento,EAV_ENTITY_INT_STORE_ID_STORE_STORE_ID,magento,eav_entity_int,"FOREIGN KEY"
def,magento,PRIMARY,magento,eav_entity_store,"PRIMARY KEY"
def,magento,EAV_ENTITY_STORE_ENTITY_TYPE_ID_EAV_ENTITY_TYPE_ENTITY_TYPE_ID,magento,eav_entity_store,"FOREIGN KEY"
def,magento,EAV_ENTITY_STORE_STORE_ID_STORE_STORE_ID,magento,eav_entity_store,"FOREIGN KEY"
def,magento,PRIMARY,magento,eav_entity_text,"PRIMARY KEY"
def,magento,EAV_ENTITY_TEXT_ENTITY_ID_ATTRIBUTE_ID_STORE_ID,magento,eav_entity_text,UNIQUE
def,magento,EAV_ENTITY_TEXT_ENTITY_ID_EAV_ENTITY_ENTITY_ID,magento,eav_entity_text,"FOREIGN KEY"
def,magento,EAV_ENTITY_TEXT_ENTITY_TYPE_ID_EAV_ENTITY_TYPE_ENTITY_TYPE_ID,magento,eav_entity_text,"FOREIGN KEY"
def,magento,EAV_ENTITY_TEXT_STORE_ID_STORE_STORE_ID,magento,eav_entity_text,"FOREIGN KEY"
def,magento,PRIMARY,magento,eav_entity_type,"PRIMARY KEY"
def,magento,PRIMARY,magento,eav_entity_varchar,"PRIMARY KEY"
def,magento,EAV_ENTITY_VARCHAR_ENTITY_ID_ATTRIBUTE_ID_STORE_ID,magento,eav_entity_varchar,UNIQUE
def,magento,EAV_ENTITY_VARCHAR_ENTITY_ID_EAV_ENTITY_ENTITY_ID,magento,eav_entity_varchar,"FOREIGN KEY"
def,magento,EAV_ENTITY_VARCHAR_ENTITY_TYPE_ID_EAV_ENTITY_TYPE_ENTITY_TYPE_ID,magento,eav_entity_varchar,"FOREIGN KEY"
def,magento,EAV_ENTITY_VARCHAR_STORE_ID_STORE_STORE_ID,magento,eav_entity_varchar,"FOREIGN KEY"
def,magento,PRIMARY,magento,eav_form_element,"PRIMARY KEY"
def,magento,EAV_FORM_ELEMENT_TYPE_ID_ATTRIBUTE_ID,magento,eav_form_element,UNIQUE
def,magento,EAV_FORM_ELEMENT_ATTRIBUTE_ID_EAV_ATTRIBUTE_ATTRIBUTE_ID,magento,eav_form_element,"FOREIGN KEY"
def,magento,EAV_FORM_ELEMENT_FIELDSET_ID_EAV_FORM_FIELDSET_FIELDSET_ID,magento,eav_form_element,"FOREIGN KEY"
def,magento,EAV_FORM_ELEMENT_TYPE_ID_EAV_FORM_TYPE_TYPE_ID,magento,eav_form_element,"FOREIGN KEY"
def,magento,PRIMARY,magento,eav_form_fieldset,"PRIMARY KEY"
def,magento,EAV_FORM_FIELDSET_TYPE_ID_CODE,magento,eav_form_fieldset,UNIQUE
def,magento,EAV_FORM_FIELDSET_TYPE_ID_EAV_FORM_TYPE_TYPE_ID,magento,eav_form_fieldset,"FOREIGN KEY"
def,magento,PRIMARY,magento,eav_form_fieldset_label,"PRIMARY KEY"
def,magento,EAV_FORM_FIELDSET_LABEL_STORE_ID_STORE_STORE_ID,magento,eav_form_fieldset_label,"FOREIGN KEY"
def,magento,EAV_FORM_FSET_LBL_FSET_ID_EAV_FORM_FSET_FSET_ID,magento,eav_form_fieldset_label,"FOREIGN KEY"
def,magento,PRIMARY,magento,eav_form_type,"PRIMARY KEY"
def,magento,EAV_FORM_TYPE_CODE_THEME_STORE_ID,magento,eav_form_type,UNIQUE
def,magento,EAV_FORM_TYPE_STORE_ID_STORE_STORE_ID,magento,eav_form_type,"FOREIGN KEY"
def,magento,PRIMARY,magento,eav_form_type_entity,"PRIMARY KEY"
def,magento,EAV_FORM_TYPE_ENTITY_TYPE_ID_EAV_FORM_TYPE_TYPE_ID,magento,eav_form_type_entity,"FOREIGN KEY"
def,magento,EAV_FORM_TYPE_ENTT_ENTT_TYPE_ID_EAV_ENTT_TYPE_ENTT_TYPE_ID,magento,eav_form_type_entity,"FOREIGN KEY"
def,magento,PRIMARY,magento,elasticsuite_categories_fulltext_cl,"PRIMARY KEY"
def,magento,PRIMARY,magento,elasticsuite_thesaurus_cl,"PRIMARY KEY"
def,magento,PRIMARY,magento,elasticsuite_tracker_log_customer_link,"PRIMARY KEY"
def,magento,ELASTICSUITE_TRACKER_LOG_CSTR_LNK_CSTR_ID_CSTR_ENTT_ENTT_ID,magento,elasticsuite_tracker_log_customer_link,"FOREIGN KEY"
def,magento,PRIMARY,magento,elasticsuite_tracker_log_event,"PRIMARY KEY"
def,magento,PRIMARY,magento,email_abandoned_cart,"PRIMARY KEY"
def,magento,PRIMARY,magento,email_automation,"PRIMARY KEY"
def,magento,PRIMARY,magento,email_campaign,"PRIMARY KEY"
def,magento,EMAIL_CAMPAIGN_STORE_ID_CORE/STORE_STORE_ID,magento,email_campaign,"FOREIGN KEY"
def,magento,PRIMARY,magento,email_catalog,"PRIMARY KEY"
def,magento,EMAIL_CATALOG_PRODUCT_ID_SEQUENCE_PRODUCT_SEQUENCE_VALUE,magento,email_catalog,"FOREIGN KEY"
def,magento,PRIMARY,magento,email_contact,"PRIMARY KEY"
def,magento,EMAIL_CONTACT_WEBSITE_ID_STORE_WEBSITE_WEBSITE_ID,magento,email_contact,"FOREIGN KEY"
def,magento,PRIMARY,magento,email_importer,"PRIMARY KEY"
def,magento,PRIMARY,magento,email_order,"PRIMARY KEY"
def,magento,EMAIL_ORDER_ORDER_ID_SALES_ORDER_ENTITY_ID,magento,email_order,"FOREIGN KEY"
def,magento,EMAIL_ORDER_STORE_ID_STORE_STORE_ID,magento,email_order,"FOREIGN KEY"
def,magento,PRIMARY,magento,email_review,"PRIMARY KEY"
def,magento,PRIMARY,magento,email_rules,"PRIMARY KEY"
def,magento,PRIMARY,magento,email_template,"PRIMARY KEY"
def,magento,EMAIL_TEMPLATE_TEMPLATE_CODE,magento,email_template,UNIQUE
def,magento,PRIMARY,magento,email_wishlist,"PRIMARY KEY"
def,magento,PRIMARY,magento,flag,"PRIMARY KEY"
def,magento,PRIMARY,magento,gdpr_agreement,"PRIMARY KEY"
def,magento,GDPR_AGREEMENT_CODE,magento,gdpr_agreement,UNIQUE
def,magento,PRIMARY,magento,gdpr_agreement_decision,"PRIMARY KEY"
def,magento,GDPR_AGREEMENT_DECISION_AGREEMENT_ID_GDPR_AGREEMENT_AGREEMENT_ID,magento,gdpr_agreement_decision,"FOREIGN KEY"
def,magento,GDPR_AGREEMENT_DECISION_CUSTOMER_ID_CUSTOMER_ENTITY_ENTITY_ID,magento,gdpr_agreement_decision,"FOREIGN KEY"
def,magento,GDPR_AGREEMENT_DECISION_ORDER_ID_SALES_ORDER_ENTITY_ID,magento,gdpr_agreement_decision,"FOREIGN KEY"
def,magento,GDPR_AGREEMENT_DECISION_STORE_ID_STORE_STORE_ID,magento,gdpr_agreement_decision,"FOREIGN KEY"
def,magento,GDPR_AGRT_DECISION_VERSION_ID_GDPR_AGRT_VERSION_AGRT_ID,magento,gdpr_agreement_decision,"FOREIGN KEY"
def,magento,PRIMARY,magento,gdpr_agreement_layout_handle,"PRIMARY KEY"
def,magento,GDPR_AGRT_LYT_HANDLE_AGRT_ID_GDPR_AGRT_AGRT_ID,magento,gdpr_agreement_layout_handle,"FOREIGN KEY"
def,magento,PRIMARY,magento,gdpr_agreement_store,"PRIMARY KEY"
def,magento,GDPR_AGREEMENT_STORE_AGREEMENT_ID_GDPR_AGREEMENT_AGREEMENT_ID,magento,gdpr_agreement_store,"FOREIGN KEY"
def,magento,GDPR_AGREEMENT_STORE_STORE_ID_STORE_STORE_ID,magento,gdpr_agreement_store,"FOREIGN KEY"
def,magento,PRIMARY,magento,gdpr_agreement_version,"PRIMARY KEY"
def,magento,GDPR_AGREEMENT_VERSION_AGREEMENT_ID_GDPR_AGREEMENT_AGREEMENT_ID,magento,gdpr_agreement_version,"FOREIGN KEY"
def,magento,PRIMARY,magento,gdpr_agreement_version_store,"PRIMARY KEY"
def,magento,GDPR_AGREEMENT_VERSION_STORE_STORE_ID_STORE_STORE_ID,magento,gdpr_agreement_version_store,"FOREIGN KEY"
def,magento,GDPR_AGRT_VERSION_STORE_VERSION_ID_GDPR_AGRT_VERSION_VERSION_ID,magento,gdpr_agreement_version_store,"FOREIGN KEY"
def,magento,PRIMARY,magento,gdpr_agreement_website,"PRIMARY KEY"
def,magento,GDPR_AGREEMENT_WEBSITE_AGREEMENT_ID_GDPR_AGREEMENT_AGREEMENT_ID,magento,gdpr_agreement_website,"FOREIGN KEY"
def,magento,GDPR_AGREEMENT_WEBSITE_WEBSITE_ID_STORE_WEBSITE_WEBSITE_ID,magento,gdpr_agreement_website,"FOREIGN KEY"
def,magento,PRIMARY,magento,gene_bluefoot_eav_attribute,"PRIMARY KEY"
def,magento,GENE_BLUEFOOT_EAV_ATTR_ATTR_ID_EAV_ATTR_ATTR_ID,magento,gene_bluefoot_eav_attribute,"FOREIGN KEY"
def,magento,PRIMARY,magento,gene_bluefoot_entity,"PRIMARY KEY"
def,magento,GENE_BLUEFOOT_ENTITY_IDENTIFIER,magento,gene_bluefoot_entity,UNIQUE
def,magento,GENE_BLUEFOOT_ENTT_ATTR_SET_ID_EAV_ATTR_SET_ATTR_SET_ID,magento,gene_bluefoot_entity,"FOREIGN KEY"
def,magento,PRIMARY,magento,gene_bluefoot_entity_datetime,"PRIMARY KEY"
def,magento,GENE_BLUEFOOT_ENTITY_DATETIME_ENTITY_ID_ATTRIBUTE_ID,magento,gene_bluefoot_entity_datetime,UNIQUE
def,magento,GENE_BLUEFOOT_ENTITY_DATETIME_STORE_ID_STORE_STORE_ID,magento,gene_bluefoot_entity_datetime,"FOREIGN KEY"
def,magento,GENE_BLUEFOOT_ENTT_DTIME_ATTR_ID_EAV_ATTR_ATTR_ID,magento,gene_bluefoot_entity_datetime,"FOREIGN KEY"
def,magento,GENE_BLUEFOOT_ENTT_DTIME_ENTT_ID_GENE_BLUEFOOT_ENTT_ENTT_ID,magento,gene_bluefoot_entity_datetime,"FOREIGN KEY"
def,magento,PRIMARY,magento,gene_bluefoot_entity_decimal,"PRIMARY KEY"
def,magento,GENE_BLUEFOOT_ENTITY_DECIMAL_ENTITY_ID_ATTRIBUTE_ID,magento,gene_bluefoot_entity_decimal,UNIQUE
def,magento,GENE_BLUEFOOT_ENTITY_DECIMAL_STORE_ID_STORE_STORE_ID,magento,gene_bluefoot_entity_decimal,"FOREIGN KEY"
def,magento,GENE_BLUEFOOT_ENTT_DEC_ATTR_ID_EAV_ATTR_ATTR_ID,magento,gene_bluefoot_entity_decimal,"FOREIGN KEY"
def,magento,GENE_BLUEFOOT_ENTT_DEC_ENTT_ID_GENE_BLUEFOOT_ENTT_ENTT_ID,magento,gene_bluefoot_entity_decimal,"FOREIGN KEY"
def,magento,PRIMARY,magento,gene_bluefoot_entity_int,"PRIMARY KEY"
def,magento,GENE_BLUEFOOT_ENTITY_INT_ENTITY_ID_ATTRIBUTE_ID,magento,gene_bluefoot_entity_int,UNIQUE
def,magento,GENE_BLUEFOOT_ENTITY_INT_ATTRIBUTE_ID_EAV_ATTRIBUTE_ATTRIBUTE_ID,magento,gene_bluefoot_entity_int,"FOREIGN KEY"
def,magento,GENE_BLUEFOOT_ENTITY_INT_STORE_ID_STORE_STORE_ID,magento,gene_bluefoot_entity_int,"FOREIGN KEY"
def,magento,GENE_BLUEFOOT_ENTT_INT_ENTT_ID_GENE_BLUEFOOT_ENTT_ENTT_ID,magento,gene_bluefoot_entity_int,"FOREIGN KEY"
def,magento,PRIMARY,magento,gene_bluefoot_entity_text,"PRIMARY KEY"
def,magento,GENE_BLUEFOOT_ENTITY_TEXT_ENTITY_ID_ATTRIBUTE_ID,magento,gene_bluefoot_entity_text,UNIQUE
def,magento,GENE_BLUEFOOT_ENTITY_TEXT_STORE_ID_STORE_STORE_ID,magento,gene_bluefoot_entity_text,"FOREIGN KEY"
def,magento,GENE_BLUEFOOT_ENTT_TEXT_ATTR_ID_EAV_ATTR_ATTR_ID,magento,gene_bluefoot_entity_text,"FOREIGN KEY"
def,magento,GENE_BLUEFOOT_ENTT_TEXT_ENTT_ID_GENE_BLUEFOOT_ENTT_ENTT_ID,magento,gene_bluefoot_entity_text,"FOREIGN KEY"
def,magento,PRIMARY,magento,gene_bluefoot_entity_type,"PRIMARY KEY"
def,magento,GENE_BLUEFOOT_ENTITY_TYPE_ATTRIBUTE_SET_ID,magento,gene_bluefoot_entity_type,UNIQUE
def,magento,GENE_BLUEFOOT_ENTITY_TYPE_IDENTIFIER,magento,gene_bluefoot_entity_type,UNIQUE
def,magento,FK_20E24220A637C7D26216519C4F3BE77D,magento,gene_bluefoot_entity_type,"FOREIGN KEY"
def,magento,GENE_BLUEFOOT_ENTT_TYPE_ATTR_SET_ID_EAV_ATTR_SET_ATTR_SET_ID,magento,gene_bluefoot_entity_type,"FOREIGN KEY"
def,magento,PRIMARY,magento,gene_bluefoot_entity_type_group,"PRIMARY KEY"
def,magento,PRIMARY,magento,gene_bluefoot_entity_varchar,"PRIMARY KEY"
def,magento,GENE_BLUEFOOT_ENTITY_VARCHAR_ENTITY_ID_ATTRIBUTE_ID,magento,gene_bluefoot_entity_varchar,UNIQUE
def,magento,GENE_BLUEFOOT_ENTITY_VARCHAR_STORE_ID_STORE_STORE_ID,magento,gene_bluefoot_entity_varchar,"FOREIGN KEY"
def,magento,GENE_BLUEFOOT_ENTT_VCHR_ATTR_ID_EAV_ATTR_ATTR_ID,magento,gene_bluefoot_entity_varchar,"FOREIGN KEY"
def,magento,GENE_BLUEFOOT_ENTT_VCHR_ENTT_ID_GENE_BLUEFOOT_ENTT_ENTT_ID,magento,gene_bluefoot_entity_varchar,"FOREIGN KEY"
def,magento,PRIMARY,magento,gene_bluefoot_stage_template,"PRIMARY KEY"
def,magento,PRIMARY,magento,gift_message,"PRIMARY KEY"
def,magento,PRIMARY,magento,googleoptimizer_code,"PRIMARY KEY"
def,magento,GOOGLEOPTIMIZER_CODE_STORE_ID_ENTITY_ID_ENTITY_TYPE,magento,googleoptimizer_code,UNIQUE
def,magento,GOOGLEOPTIMIZER_CODE_STORE_ID_STORE_STORE_ID,magento,googleoptimizer_code,"FOREIGN KEY"
def,magento,PRIMARY,magento,import_history,"PRIMARY KEY"
def,magento,PRIMARY,magento,importexport_importdata,"PRIMARY KEY"
def,magento,PRIMARY,magento,indexer_state,"PRIMARY KEY"
def,magento,PRIMARY,magento,integration,"PRIMARY KEY"
def,magento,INTEGRATION_NAME,magento,integration,UNIQUE
def,magento,INTEGRATION_CONSUMER_ID,magento,integration,UNIQUE
def,magento,INTEGRATION_CONSUMER_ID_OAUTH_CONSUMER_ENTITY_ID,magento,integration,"FOREIGN KEY"
def,magento,PRIMARY,magento,klarna_core_order,"PRIMARY KEY"
def,magento,KLARNA_KCO_ORDER_ORDER_ID_SALES_ORDER_ENTITY_ID,magento,klarna_core_order,"FOREIGN KEY"
def,magento,PRIMARY,magento,klarna_payments_quote,"PRIMARY KEY"
def,magento,KLARNA_PAYMENTS_QUOTE_QUOTE_ID_QUOTE_ENTITY_ID,magento,klarna_payments_quote,"FOREIGN KEY"
def,magento,PRIMARY,magento,layout_link,"PRIMARY KEY"
def,magento,LAYOUT_LINK_LAYOUT_UPDATE_ID_LAYOUT_UPDATE_LAYOUT_UPDATE_ID,magento,layout_link,"FOREIGN KEY"
def,magento,LAYOUT_LINK_STORE_ID_STORE_STORE_ID,magento,layout_link,"FOREIGN KEY"
def,magento,LAYOUT_LINK_THEME_ID_THEME_THEME_ID,magento,layout_link,"FOREIGN KEY"
def,magento,PRIMARY,magento,layout_update,"PRIMARY KEY"
def,magento,PRIMARY,magento,magento_acknowledged_bulk,"PRIMARY KEY"
def,magento,MAGENTO_ACKNOWLEDGED_BULK_BULK_UUID,magento,magento_acknowledged_bulk,UNIQUE
def,magento,MAGENTO_ACKNOWLEDGED_BULK_BULK_UUID_MAGENTO_BULK_UUID,magento,magento_acknowledged_bulk,"FOREIGN KEY"
def,magento,PRIMARY,magento,magento_banner,"PRIMARY KEY"
def,magento,PRIMARY,magento,magento_banner_catalogrule,"PRIMARY KEY"
def,magento,MAGENTO_BANNER_CATALOGRULE_BANNER_ID_MAGENTO_BANNER_BANNER_ID,magento,magento_banner_catalogrule,"FOREIGN KEY"
def,magento,MAGENTO_BANNER_CATRULE_RULE_ID_SEQUENCE_CATRULE_SEQUENCE_VAL,magento,magento_banner_catalogrule,"FOREIGN KEY"
def,magento,PRIMARY,magento,magento_banner_content,"PRIMARY KEY"
def,magento,MAGENTO_BANNER_CONTENT_BANNER_ID_MAGENTO_BANNER_BANNER_ID,magento,magento_banner_content,"FOREIGN KEY"
def,magento,MAGENTO_BANNER_CONTENT_STORE_ID_STORE_STORE_ID,magento,magento_banner_content,"FOREIGN KEY"
def,magento,PRIMARY,magento,magento_banner_customersegment,"PRIMARY KEY"
def,magento,FK_5649B8A073C66134C719D8BA64821337,magento,magento_banner_customersegment,"FOREIGN KEY"
def,magento,MAGENTO_BANNER_CSTRSEGMENT_BANNER_ID_MAGENTO_BANNER_BANNER_ID,magento,magento_banner_customersegment,"FOREIGN KEY"
def,magento,PRIMARY,magento,magento_banner_salesrule,"PRIMARY KEY"
def,magento,MAGENTO_BANNER_SALESRULE_BANNER_ID_MAGENTO_BANNER_BANNER_ID,magento,magento_banner_salesrule,"FOREIGN KEY"
def,magento,MAGENTO_BANNER_SALESRULE_RULE_ID_SEQUENCE_SALESRULE_SEQUENCE_VAL,magento,magento_banner_salesrule,"FOREIGN KEY"
def,magento,PRIMARY,magento,magento_bulk,"PRIMARY KEY"
def,magento,MAGENTO_BULK_UUID,magento,magento_bulk,UNIQUE
def,magento,MAGENTO_BULK_USER_ID_ADMIN_USER_USER_ID,magento,magento_bulk,"FOREIGN KEY"
def,magento,PRIMARY,magento,magento_catalogevent_event,"PRIMARY KEY"
def,magento,MAGENTO_CATALOGEVENT_EVENT_CATEGORY_ID,magento,magento_catalogevent_event,UNIQUE
def,magento,MAGENTO_CATEVENT_EVENT_CTGR_ID_SEQUENCE_CAT_CTGR_SEQUENCE_VAL,magento,magento_catalogevent_event,"FOREIGN KEY"
def,magento,PRIMARY,magento,magento_catalogevent_event_image,"PRIMARY KEY"
def,magento,FK_62C3B6744DA50C7866378C9D30D06574,magento,magento_catalogevent_event_image,"FOREIGN KEY"
def,magento,MAGENTO_CATALOGEVENT_EVENT_IMAGE_STORE_ID_STORE_STORE_ID,magento,magento_catalogevent_event_image,"FOREIGN KEY"
def,magento,PRIMARY,magento,magento_catalogpermissions,"PRIMARY KEY"
def,magento,MAGENTO_CATPERMISSIONS_CTGR_ID_WS_ID_CSTR_GROUP_ID,magento,magento_catalogpermissions,UNIQUE
def,magento,MAGENTO_CATALOGPERMISSIONS_WEBSITE_ID_STORE_WEBSITE_WEBSITE_ID,magento,magento_catalogpermissions,"FOREIGN KEY"
def,magento,MAGENTO_CATPERMISSIONS_CSTR_GROUP_ID_CSTR_GROUP_CSTR_GROUP_ID,magento,magento_catalogpermissions,"FOREIGN KEY"
def,magento,MAGENTO_CATPERMISSIONS_CTGR_ID_SEQUENCE_CAT_CTGR_SEQUENCE_VAL,magento,magento_catalogpermissions,"FOREIGN KEY"
def,magento,MAGENTO_CATPERMISSIONS_IDX_CTGR_ID_WS_ID_CSTR_GROUP_ID,magento,magento_catalogpermissions_index,UNIQUE
def,magento,MAGENTO_CATPERMISSIONS_IDX_PRD_PRD_ID_STORE_ID_CSTR_GROUP_ID,magento,magento_catalogpermissions_index_product,UNIQUE
def,magento,MAGENTO_CATPERMISSIONS_IDX_PRD_PRD_ID_STORE_ID_CSTR_GROUP_ID,magento,magento_catalogpermissions_index_product_replica,UNIQUE
def,magento,MAGENTO_CATPERMISSIONS_IDX_PRD_TMP_PRD_ID_STORE_ID_CSTR_GROUP_ID,magento,magento_catalogpermissions_index_product_tmp,UNIQUE
def,magento,MAGENTO_CATPERMISSIONS_IDX_CTGR_ID_WS_ID_CSTR_GROUP_ID,magento,magento_catalogpermissions_index_replica,UNIQUE
def,magento,MAGENTO_CATPERMISSIONS_IDX_CTGR_ID_WS_ID_CSTR_GROUP_ID,magento,magento_catalogpermissions_index_tmp,UNIQUE
def,magento,PRIMARY,magento,magento_customerbalance,"PRIMARY KEY"
def,magento,MAGENTO_CUSTOMERBALANCE_CUSTOMER_ID_WEBSITE_ID,magento,magento_customerbalance,UNIQUE
def,magento,MAGENTO_CUSTOMERBALANCE_CUSTOMER_ID_CUSTOMER_ENTITY_ENTITY_ID,magento,magento_customerbalance,"FOREIGN KEY"
def,magento,MAGENTO_CUSTOMERBALANCE_WEBSITE_ID_STORE_WEBSITE_WEBSITE_ID,magento,magento_customerbalance,"FOREIGN KEY"
def,magento,PRIMARY,magento,magento_customerbalance_history,"PRIMARY KEY"
def,magento,FK_2F00673A61BFB69DB9566CB6D775C80B,magento,magento_customerbalance_history,"FOREIGN KEY"
def,magento,PRIMARY,magento,magento_customercustomattributes_sales_flat_order,"PRIMARY KEY"
def,magento,FK_E3B93E92D5321FB267FA7CF9818B862A,magento,magento_customercustomattributes_sales_flat_order,"FOREIGN KEY"
def,magento,PRIMARY,magento,magento_customercustomattributes_sales_flat_order_address,"PRIMARY KEY"
def,magento,FK_16AD7FB31D74E6482A0A134C553F0177,magento,magento_customercustomattributes_sales_flat_order_address,"FOREIGN KEY"
def,magento,PRIMARY,magento,magento_customercustomattributes_sales_flat_quote,"PRIMARY KEY"
def,magento,MAGENTO_CSTRCUSTOMATTRS_SALES_FLAT_QUOTE_ENTT_ID_QUOTE_ENTT_ID,magento,magento_customercustomattributes_sales_flat_quote,"FOREIGN KEY"
def,magento,PRIMARY,magento,magento_customercustomattributes_sales_flat_quote_address,"PRIMARY KEY"
def,magento,FK_AADF6B0F92C452C82D02E232341ADB1B,magento,magento_customercustomattributes_sales_flat_quote_address,"FOREIGN KEY"
def,magento,PRIMARY,magento,magento_customersegment_customer,"PRIMARY KEY"
def,magento,MAGENTO_CSTRSEGMENT_CSTR_SEGMENT_ID_WS_ID_CSTR_ID,magento,magento_customersegment_customer,UNIQUE
def,magento,FK_EBEC494F27927B723C3896E3466DBF6B,magento,magento_customersegment_customer,"FOREIGN KEY"
def,magento,MAGENTO_CSTRSEGMENT_CSTR_CSTR_ID_CSTR_ENTT_ENTT_ID,magento,magento_customersegment_customer,"FOREIGN KEY"
def,magento,MAGENTO_CSTRSEGMENT_CSTR_WS_ID_STORE_WS_WS_ID,magento,magento_customersegment_customer,"FOREIGN KEY"
def,magento,FK_3E7684FB6181C81446A1567EA3D3975E,magento,magento_customersegment_event,"FOREIGN KEY"
def,magento,PRIMARY,magento,magento_customersegment_segment,"PRIMARY KEY"
def,magento,PRIMARY,magento,magento_customersegment_website,"PRIMARY KEY"
def,magento,FK_A519424B18F07BA7FB739ED68979A688,magento,magento_customersegment_website,"FOREIGN KEY"
def,magento,MAGENTO_CSTRSEGMENT_WS_WS_ID_STORE_WS_WS_ID,magento,magento_customersegment_website,"FOREIGN KEY"
def,magento,PRIMARY,magento,magento_giftcard_amount,"PRIMARY KEY"
def,magento,MAGENTO_GIFTCARD_AMOUNT_ATTRIBUTE_ID_EAV_ATTRIBUTE_ATTRIBUTE_ID,magento,magento_giftcard_amount,"FOREIGN KEY"
def,magento,MAGENTO_GIFTCARD_AMOUNT_WEBSITE_ID_STORE_WEBSITE_WEBSITE_ID,magento,magento_giftcard_amount,"FOREIGN KEY"
def,magento,PRIMARY,magento,magento_giftcardaccount,"PRIMARY KEY"
def,magento,MAGENTO_GIFTCARDACCOUNT_WEBSITE_ID_STORE_WEBSITE_WEBSITE_ID,magento,magento_giftcardaccount,"FOREIGN KEY"
def,magento,PRIMARY,magento,magento_giftcardaccount_history,"PRIMARY KEY"
def,magento,FK_245B3CFF19EAF3077D3E0C5416773ECA,magento,magento_giftcardaccount_history,"FOREIGN KEY"
def,magento,PRIMARY,magento,magento_giftcardaccount_pool,"PRIMARY KEY"
def,magento,PRIMARY,magento,magento_giftregistry_data,"PRIMARY KEY"
def,magento,FK_16C9215492169187823D7D59D417E563,magento,magento_giftregistry_data,"FOREIGN KEY"
def,magento,PRIMARY,magento,magento_giftregistry_entity,"PRIMARY KEY"
def,magento,FK_AC6F6DB40013C09CA44DFBC3453C4954,magento,magento_giftregistry_entity,"FOREIGN KEY"
def,magento,MAGENTO_GIFTREGISTRY_ENTITY_WEBSITE_ID_STORE_WEBSITE_WEBSITE_ID,magento,magento_giftregistry_entity,"FOREIGN KEY"
def,magento,MAGENTO_GIFTREGISTRY_ENTT_CSTR_ID_CSTR_ENTT_ENTT_ID,magento,magento_giftregistry_entity,"FOREIGN KEY"
def,magento,PRIMARY,magento,magento_giftregistry_item,"PRIMARY KEY"
def,magento,FK_BAC522E38736441C84A365FDA8A89F3D,magento,magento_giftregistry_item,"FOREIGN KEY"
def,magento,MAGENTO_GIFTREGISTRY_ITEM_PRD_ID_SEQUENCE_PRD_SEQUENCE_VAL,magento,magento_giftregistry_item,"FOREIGN KEY"
def,magento,PRIMARY,magento,magento_giftregistry_item_option,"PRIMARY KEY"
def,magento,FK_3D1D15BFE3A8590F21C1F66D980C9728,magento,magento_giftregistry_item_option,"FOREIGN KEY"
def,magento,PRIMARY,magento,magento_giftregistry_label,"PRIMARY KEY"
def,magento,FK_CAC7838B0DC6D41132DD885A80780A1E,magento,magento_giftregistry_label,"FOREIGN KEY"
def,magento,MAGENTO_GIFTREGISTRY_LABEL_STORE_ID_STORE_STORE_ID,magento,magento_giftregistry_label,"FOREIGN KEY"
def,magento,PRIMARY,magento,magento_giftregistry_person,"PRIMARY KEY"
def,magento,FK_3BD5033D7C543D4739AB16D2DDAF3417,magento,magento_giftregistry_person,"FOREIGN KEY"
def,magento,PRIMARY,magento,magento_giftregistry_type,"PRIMARY KEY"
def,magento,PRIMARY,magento,magento_giftregistry_type_info,"PRIMARY KEY"
def,magento,FK_1A0B820718598BAC128535E2B6348C48,magento,magento_giftregistry_type_info,"FOREIGN KEY"
def,magento,MAGENTO_GIFTREGISTRY_TYPE_INFO_STORE_ID_STORE_STORE_ID,magento,magento_giftregistry_type_info,"FOREIGN KEY"
def,magento,PRIMARY,magento,magento_giftwrapping,"PRIMARY KEY"
def,magento,PRIMARY,magento,magento_giftwrapping_store_attributes,"PRIMARY KEY"
def,magento,FK_8048F7FF66F3AAB2D429C60D0E4F8A58,magento,magento_giftwrapping_store_attributes,"FOREIGN KEY"
def,magento,MAGENTO_GIFTWRAPPING_STORE_ATTRIBUTES_STORE_ID_STORE_STORE_ID,magento,magento_giftwrapping_store_attributes,"FOREIGN KEY"
def,magento,PRIMARY,magento,magento_giftwrapping_website,"PRIMARY KEY"
def,magento,FK_9F4CF77669BFC319A247D8AB96B440B9,magento,magento_giftwrapping_website,"FOREIGN KEY"
def,magento,MAGENTO_GIFTWRAPPING_WEBSITE_WEBSITE_ID_STORE_WEBSITE_WEBSITE_ID,magento,magento_giftwrapping_website,"FOREIGN KEY"
def,magento,PRIMARY,magento,magento_invitation,"PRIMARY KEY"
def,magento,MAGENTO_INVITATION_CUSTOMER_ID_CUSTOMER_ENTITY_ENTITY_ID,magento,magento_invitation,"FOREIGN KEY"
def,magento,MAGENTO_INVITATION_GROUP_ID_CUSTOMER_GROUP_CUSTOMER_GROUP_ID,magento,magento_invitation,"FOREIGN KEY"
def,magento,MAGENTO_INVITATION_REFERRAL_ID_CUSTOMER_ENTITY_ENTITY_ID,magento,magento_invitation,"FOREIGN KEY"
def,magento,MAGENTO_INVITATION_STORE_ID_STORE_STORE_ID,magento,magento_invitation,"FOREIGN KEY"
def,magento,PRIMARY,magento,magento_invitation_status_history,"PRIMARY KEY"
def,magento,FK_9221D90F23B9A75B6A9E48D763D01D02,magento,magento_invitation_status_history,"FOREIGN KEY"
def,magento,PRIMARY,magento,magento_invitation_track,"PRIMARY KEY"
def,magento,MAGENTO_INVITATION_TRACK_INVITER_ID_REFERRAL_ID,magento,magento_invitation_track,UNIQUE
def,magento,MAGENTO_INVITATION_TRACK_INVITER_ID_CUSTOMER_ENTITY_ENTITY_ID,magento,magento_invitation_track,"FOREIGN KEY"
def,magento,MAGENTO_INVITATION_TRACK_REFERRAL_ID_CUSTOMER_ENTITY_ENTITY_ID,magento,magento_invitation_track,"FOREIGN KEY"
def,magento,PRIMARY,magento,magento_logging_event,"PRIMARY KEY"
def,magento,MAGENTO_LOGGING_EVENT_USER_ID_ADMIN_USER_USER_ID,magento,magento_logging_event,"FOREIGN KEY"
def,magento,PRIMARY,magento,magento_logging_event_changes,"PRIMARY KEY"
def,magento,FK_D29B0056693455AC9AC172C00D82F9D9,magento,magento_logging_event_changes,"FOREIGN KEY"
def,magento,PRIMARY,magento,magento_operation,"PRIMARY KEY"
def,magento,MAGENTO_OPERATION_BULK_UUID_MAGENTO_BULK_UUID,magento,magento_operation,"FOREIGN KEY"
def,magento,PRIMARY,magento,magento_reminder_rule,"PRIMARY KEY"
def,magento,FK_81ACD87B0CB5AB8CC9B8D0B05F30FBB8,magento,magento_reminder_rule,"FOREIGN KEY"
def,magento,PRIMARY,magento,magento_reminder_rule_coupon,"PRIMARY KEY"
def,magento,FK_FA39D6431E86747002D2933B525577A3,magento,magento_reminder_rule_coupon,"FOREIGN KEY"
def,magento,PRIMARY,magento,magento_reminder_rule_log,"PRIMARY KEY"
def,magento,MAGENTO_REMINDER_RULE_LOG_RULE_ID_MAGENTO_REMINDER_RULE_RULE_ID,magento,magento_reminder_rule_log,"FOREIGN KEY"
def,magento,PRIMARY,magento,magento_reminder_rule_website,"PRIMARY KEY"
def,magento,MAGENTO_REMINDER_RULE_WS_RULE_ID_MAGENTO_REMINDER_RULE_RULE_ID,magento,magento_reminder_rule_website,"FOREIGN KEY"
def,magento,MAGENTO_REMINDER_RULE_WS_WS_ID_STORE_WS_WS_ID,magento,magento_reminder_rule_website,"FOREIGN KEY"
def,magento,PRIMARY,magento,magento_reminder_template,"PRIMARY KEY"
def,magento,MAGENTO_REMINDER_TEMPLATE_RULE_ID_MAGENTO_REMINDER_RULE_RULE_ID,magento,magento_reminder_template,"FOREIGN KEY"
def,magento,MAGENTO_REMINDER_TEMPLATE_TEMPLATE_ID_EMAIL_TEMPLATE_TEMPLATE_ID,magento,magento_reminder_template,"FOREIGN KEY"
def,magento,PRIMARY,magento,magento_reward,"PRIMARY KEY"
def,magento,MAGENTO_REWARD_CUSTOMER_ID_WEBSITE_ID,magento,magento_reward,UNIQUE
def,magento,MAGENTO_REWARD_CUSTOMER_ID_CUSTOMER_ENTITY_ENTITY_ID,magento,magento_reward,"FOREIGN KEY"
def,magento,PRIMARY,magento,magento_reward_history,"PRIMARY KEY"
def,magento,MAGENTO_REWARD_HISTORY_REWARD_ID_MAGENTO_REWARD_REWARD_ID,magento,magento_reward_history,"FOREIGN KEY"
def,magento,MAGENTO_REWARD_HISTORY_STORE_ID_STORE_STORE_ID,magento,magento_reward_history,"FOREIGN KEY"
def,magento,MAGENTO_REWARD_HISTORY_WEBSITE_ID_STORE_WEBSITE_WEBSITE_ID,magento,magento_reward_history,"FOREIGN KEY"
def,magento,PRIMARY,magento,magento_reward_rate,"PRIMARY KEY"
def,magento,MAGENTO_REWARD_RATE_WEBSITE_ID_CUSTOMER_GROUP_ID_DIRECTION,magento,magento_reward_rate,UNIQUE
def,magento,MAGENTO_REWARD_RATE_WEBSITE_ID_STORE_WEBSITE_WEBSITE_ID,magento,magento_reward_rate,"FOREIGN KEY"
def,magento,MAGENTO_REWARD_SALESRULE_RULE_ID,magento,magento_reward_salesrule,UNIQUE
def,magento,MAGENTO_REWARD_SALESRULE_RULE_ID_SALESRULE_ROW_ID,magento,magento_reward_salesrule,"FOREIGN KEY"
def,magento,PRIMARY,magento,magento_rma,"PRIMARY KEY"
def,magento,MAGENTO_RMA_INCREMENT_ID_STORE_ID,magento,magento_rma,UNIQUE
def,magento,MAGENTO_RMA_CUSTOMER_ID_CUSTOMER_ENTITY_ENTITY_ID,magento,magento_rma,"FOREIGN KEY"
def,magento,MAGENTO_RMA_STORE_ID_STORE_STORE_ID,magento,magento_rma,"FOREIGN KEY"
def,magento,PRIMARY,magento,magento_rma_grid,"PRIMARY KEY"
def,magento,MAGENTO_RMA_GRID_INCREMENT_ID_STORE_ID,magento,magento_rma_grid,UNIQUE
def,magento,MAGENTO_RMA_GRID_ENTITY_ID_MAGENTO_RMA_ENTITY_ID,magento,magento_rma_grid,"FOREIGN KEY"
def,magento,PRIMARY,magento,magento_rma_item_eav_attribute,"PRIMARY KEY"
def,magento,MAGENTO_RMA_ITEM_EAV_ATTR_ATTR_ID_EAV_ATTR_ATTR_ID,magento,magento_rma_item_eav_attribute,"FOREIGN KEY"
def,magento,PRIMARY,magento,magento_rma_item_eav_attribute_website,"PRIMARY KEY"
def,magento,MAGENTO_RMA_ITEM_EAV_ATTR_WS_ATTR_ID_EAV_ATTR_ATTR_ID,magento,magento_rma_item_eav_attribute_website,"FOREIGN KEY"
def,magento,MAGENTO_RMA_ITEM_EAV_ATTR_WS_WS_ID_STORE_WS_WS_ID,magento,magento_rma_item_eav_attribute_website,"FOREIGN KEY"
def,magento,PRIMARY,magento,magento_rma_item_entity,"PRIMARY KEY"
def,magento,MAGENTO_RMA_ITEM_ENTITY_RMA_ENTITY_ID_MAGENTO_RMA_ENTITY_ID,magento,magento_rma_item_entity,"FOREIGN KEY"
def,magento,PRIMARY,magento,magento_rma_item_entity_datetime,"PRIMARY KEY"
def,magento,MAGENTO_RMA_ITEM_ENTITY_DATETIME_ENTITY_ID_ATTRIBUTE_ID,magento,magento_rma_item_entity_datetime,UNIQUE
def,magento,FK_B78606504F598C92DEAD5EBB67CC61AE,magento,magento_rma_item_entity_datetime,"FOREIGN KEY"
def,magento,MAGENTO_RMA_ITEM_ENTT_DTIME_ATTR_ID_EAV_ATTR_ATTR_ID,magento,magento_rma_item_entity_datetime,"FOREIGN KEY"
def,magento,PRIMARY,magento,magento_rma_item_entity_decimal,"PRIMARY KEY"
def,magento,MAGENTO_RMA_ITEM_ENTITY_DECIMAL_ENTITY_ID_ATTRIBUTE_ID,magento,magento_rma_item_entity_decimal,UNIQUE
def,magento,MAGENTO_RMA_ITEM_ENTT_DEC_ATTR_ID_EAV_ATTR_ATTR_ID,magento,magento_rma_item_entity_decimal,"FOREIGN KEY"
def,magento,MAGENTO_RMA_ITEM_ENTT_DEC_ENTT_ID_MAGENTO_RMA_ITEM_ENTT_ENTT_ID,magento,magento_rma_item_entity_decimal,"FOREIGN KEY"
def,magento,PRIMARY,magento,magento_rma_item_entity_int,"PRIMARY KEY"
def,magento,MAGENTO_RMA_ITEM_ENTITY_INT_ENTITY_ID_ATTRIBUTE_ID,magento,magento_rma_item_entity_int,UNIQUE
def,magento,MAGENTO_RMA_ITEM_ENTT_INT_ATTR_ID_EAV_ATTR_ATTR_ID,magento,magento_rma_item_entity_int,"FOREIGN KEY"
def,magento,MAGENTO_RMA_ITEM_ENTT_INT_ENTT_ID_MAGENTO_RMA_ITEM_ENTT_ENTT_ID,magento,magento_rma_item_entity_int,"FOREIGN KEY"
def,magento,PRIMARY,magento,magento_rma_item_entity_text,"PRIMARY KEY"
def,magento,MAGENTO_RMA_ITEM_ENTITY_TEXT_ENTITY_ID_ATTRIBUTE_ID,magento,magento_rma_item_entity_text,UNIQUE
def,magento,MAGENTO_RMA_ITEM_ENTT_TEXT_ATTR_ID_EAV_ATTR_ATTR_ID,magento,magento_rma_item_entity_text,"FOREIGN KEY"
def,magento,MAGENTO_RMA_ITEM_ENTT_TEXT_ENTT_ID_MAGENTO_RMA_ITEM_ENTT_ENTT_ID,magento,magento_rma_item_entity_text,"FOREIGN KEY"
def,magento,PRIMARY,magento,magento_rma_item_entity_varchar,"PRIMARY KEY"
def,magento,MAGENTO_RMA_ITEM_ENTITY_VARCHAR_ENTITY_ID_ATTRIBUTE_ID,magento,magento_rma_item_entity_varchar,UNIQUE
def,magento,MAGENTO_RMA_ITEM_ENTT_VCHR_ATTR_ID_EAV_ATTR_ATTR_ID,magento,magento_rma_item_entity_varchar,"FOREIGN KEY"
def,magento,MAGENTO_RMA_ITEM_ENTT_VCHR_ENTT_ID_MAGENTO_RMA_ITEM_ENTT_ENTT_ID,magento,magento_rma_item_entity_varchar,"FOREIGN KEY"
def,magento,PRIMARY,magento,magento_rma_item_form_attribute,"PRIMARY KEY"
def,magento,MAGENTO_RMA_ITEM_FORM_ATTR_ATTR_ID_EAV_ATTR_ATTR_ID,magento,magento_rma_item_form_attribute,"FOREIGN KEY"
def,magento,PRIMARY,magento,magento_rma_shipping_label,"PRIMARY KEY"
def,magento,MAGENTO_RMA_SHIPPING_LABEL_RMA_ENTITY_ID_MAGENTO_RMA_ENTITY_ID,magento,magento_rma_shipping_label,"FOREIGN KEY"
def,magento,PRIMARY,magento,magento_rma_status_history,"PRIMARY KEY"
def,magento,MAGENTO_RMA_STATUS_HISTORY_RMA_ENTITY_ID_MAGENTO_RMA_ENTITY_ID,magento,magento_rma_status_history,"FOREIGN KEY"
def,magento,PRIMARY,magento,magento_sales_creditmemo_grid_archive,"PRIMARY KEY"
def,magento,MAGENTO_SALES_CREDITMEMO_GRID_ARCHIVE_INCREMENT_ID_STORE_ID,magento,magento_sales_creditmemo_grid_archive,UNIQUE
def,magento,PRIMARY,magento,magento_sales_invoice_grid_archive,"PRIMARY KEY"
def,magento,MAGENTO_SALES_INVOICE_GRID_ARCHIVE_INCREMENT_ID_STORE_ID,magento,magento_sales_invoice_grid_archive,UNIQUE
def,magento,PRIMARY,magento,magento_sales_order_grid_archive,"PRIMARY KEY"
def,magento,MAGENTO_SALES_ORDER_GRID_ARCHIVE_INCREMENT_ID_STORE_ID,magento,magento_sales_order_grid_archive,UNIQUE
def,magento,PRIMARY,magento,magento_sales_shipment_grid_archive,"PRIMARY KEY"
def,magento,MAGENTO_SALES_SHIPMENT_GRID_ARCHIVE_INCREMENT_ID_STORE_ID,magento,magento_sales_shipment_grid_archive,UNIQUE
def,magento,MAGENTO_SALESRULE_FILTER_RULE_ID_SEQUENCE_SALESRULE_SEQUENCE_VAL,magento,magento_salesrule_filter,"FOREIGN KEY"
def,magento,PRIMARY,magento,magento_scheduled_operations,"PRIMARY KEY"
def,magento,PRIMARY,magento,magento_targetrule,"PRIMARY KEY"
def,magento,PRIMARY,magento,magento_targetrule_customersegment,"PRIMARY KEY"
def,magento,FK_B8814D55D65E69A6594EEA15177ADE79,magento,magento_targetrule_customersegment,"FOREIGN KEY"
def,magento,FK_C8689D7B7075ACE9DF3E95CB5CE36E91,magento,magento_targetrule_customersegment,"FOREIGN KEY"
def,magento,PRIMARY,magento,magento_targetrule_index,"PRIMARY KEY"
def,magento,PRIMARY,magento,magento_targetrule_index_crosssell,"PRIMARY KEY"
def,magento,IDX_31AF14EF81FDC2FBC907C7AFB551F407,magento,magento_targetrule_index_crosssell,UNIQUE
def,magento,MAGENTO_TARGETRULE_IDX_CROSSSELL_PRD_PRD_SET_ID_PRD_ID,magento,magento_targetrule_index_crosssell_product,UNIQUE
def,magento,FK_9345746865FD6F97C44AAD7D03EC3058,magento,magento_targetrule_index_crosssell_product,"FOREIGN KEY"
def,magento,PRIMARY,magento,magento_targetrule_index_related,"PRIMARY KEY"
def,magento,IDX_CDB499BD6E62A607DAB1EE4895AD5DF1,magento,magento_targetrule_index_related,UNIQUE
def,magento,MAGENTO_TARGETRULE_IDX_RELATED_PRD_PRD_SET_ID_PRD_ID,magento,magento_targetrule_index_related_product,UNIQUE
def,magento,FK_F018B7EA5426D7CD98E40E7B3081DAB9,magento,magento_targetrule_index_related_product,"FOREIGN KEY"
def,magento,PRIMARY,magento,magento_targetrule_index_upsell,"PRIMARY KEY"
def,magento,IDX_2FF9494DEBB08EA6B55B5276F0B78C45,magento,magento_targetrule_index_upsell,UNIQUE
def,magento,MAGENTO_TARGETRULE_IDX_UPSELL_PRD_PRD_SET_ID_PRD_ID,magento,magento_targetrule_index_upsell_product,UNIQUE
def,magento,FK_9D05BD7FDEEE55E1FC4C2891966C909A,magento,magento_targetrule_index_upsell_product,"FOREIGN KEY"
def,magento,PRIMARY,magento,magento_targetrule_product,"PRIMARY KEY"
def,magento,MAGENTO_TARGETRULE_PRD_PRD_ID_SEQUENCE_PRD_SEQUENCE_VAL,magento,magento_targetrule_product,"FOREIGN KEY"
def,magento,MAGENTO_TARGETRULE_PRODUCT_RULE_ID_MAGENTO_TARGETRULE_RULE_ID,magento,magento_targetrule_product,"FOREIGN KEY"
def,magento,PRIMARY,magento,magento_versionscms_hierarchy_lock,"PRIMARY KEY"
def,magento,PRIMARY,magento,magento_versionscms_hierarchy_metadata,"PRIMARY KEY"
def,magento,FK_84B971B6459D9D0BADDD779EBDDFD6A3,magento,magento_versionscms_hierarchy_metadata,"FOREIGN KEY"
def,magento,PRIMARY,magento,magento_versionscms_hierarchy_node,"PRIMARY KEY"
def,magento,MAGENTO_VERSIONSCMS_HIERARCHY_NODE_REQUEST_URL_SCOPE_SCOPE_ID,magento,magento_versionscms_hierarchy_node,UNIQUE
def,magento,FK_12C2962523CC7EF2EA73AD4121B5DBFF,magento,magento_versionscms_hierarchy_node,"FOREIGN KEY"
def,magento,FK_A3B35A9AC57609C4C249DF3969C40F6F,magento,magento_versionscms_hierarchy_node,"FOREIGN KEY"
def,magento,PRIMARY,magento,magento_versionscms_increment,"PRIMARY KEY"
def,magento,UNQ_BE1CCB76CE284DD3ED440DB79C46FF2F,magento,magento_versionscms_increment,UNIQUE
def,magento,PRIMARY,magento,mst_blog_author,"PRIMARY KEY"
def,magento,MST_BLOG_AUTHOR_USER_ID_ADMIN_USER_USER_ID,magento,mst_blog_author,"FOREIGN KEY"
def,magento,PRIMARY,magento,mst_blog_category_entity,"PRIMARY KEY"
def,magento,PRIMARY,magento,mst_blog_category_entity_datetime,"PRIMARY KEY"
def,magento,MST_BLOG_CTGR_ENTT_DTIME_ENTT_ID_ATTR_ID_STORE_ID,magento,mst_blog_category_entity_datetime,UNIQUE
def,magento,MST_BLOG_CATEGORY_ENTITY_DATETIME_STORE_ID_STORE_STORE_ID,magento,mst_blog_category_entity_datetime,"FOREIGN KEY"
def,magento,MST_BLOG_CTGR_ENTT_DTIME_ATTR_ID_EAV_ATTR_ATTR_ID,magento,mst_blog_category_entity_datetime,"FOREIGN KEY"
def,magento,MST_BLOG_CTGR_ENTT_DTIME_ENTT_ID_MST_BLOG_CTGR_ENTT_ENTT_ID,magento,mst_blog_category_entity_datetime,"FOREIGN KEY"
def,magento,PRIMARY,magento,mst_blog_category_entity_decimal,"PRIMARY KEY"
def,magento,MST_BLOG_CATEGORY_ENTITY_DECIMAL_ENTITY_ID_ATTRIBUTE_ID_STORE_ID,magento,mst_blog_category_entity_decimal,UNIQUE
def,magento,MST_BLOG_CATEGORY_ENTITY_DECIMAL_STORE_ID_STORE_STORE_ID,magento,mst_blog_category_entity_decimal,"FOREIGN KEY"
def,magento,MST_BLOG_CTGR_ENTT_DEC_ATTR_ID_EAV_ATTR_ATTR_ID,magento,mst_blog_category_entity_decimal,"FOREIGN KEY"
def,magento,MST_BLOG_CTGR_ENTT_DEC_ENTT_ID_MST_BLOG_CTGR_ENTT_ENTT_ID,magento,mst_blog_category_entity_decimal,"FOREIGN KEY"
def,magento,PRIMARY,magento,mst_blog_category_entity_gallery,"PRIMARY KEY"
def,magento,MST_BLOG_CATEGORY_ENTITY_GALLERY_ENTITY_ID_ATTRIBUTE_ID_STORE_ID,magento,mst_blog_category_entity_gallery,UNIQUE
def,magento,MST_BLOG_CATEGORY_ENTITY_GALLERY_STORE_ID_STORE_STORE_ID,magento,mst_blog_category_entity_gallery,"FOREIGN KEY"
def,magento,MST_BLOG_CTGR_ENTT_GLR_ATTR_ID_EAV_ATTR_ATTR_ID,magento,mst_blog_category_entity_gallery,"FOREIGN KEY"
def,magento,MST_BLOG_CTGR_ENTT_GLR_ENTT_ID_MST_BLOG_CTGR_ENTT_ENTT_ID,magento,mst_blog_category_entity_gallery,"FOREIGN KEY"
def,magento,PRIMARY,magento,mst_blog_category_entity_int,"PRIMARY KEY"
def,magento,MST_BLOG_CATEGORY_ENTITY_INT_ENTITY_ID_ATTRIBUTE_ID_STORE_ID,magento,mst_blog_category_entity_int,UNIQUE
def,magento,MST_BLOG_CATEGORY_ENTITY_INT_STORE_ID_STORE_STORE_ID,magento,mst_blog_category_entity_int,"FOREIGN KEY"
def,magento,MST_BLOG_CTGR_ENTT_INT_ATTR_ID_EAV_ATTR_ATTR_ID,magento,mst_blog_category_entity_int,"FOREIGN KEY"
def,magento,MST_BLOG_CTGR_ENTT_INT_ENTT_ID_MST_BLOG_CTGR_ENTT_ENTT_ID,magento,mst_blog_category_entity_int,"FOREIGN KEY"
def,magento,PRIMARY,magento,mst_blog_category_entity_text,"PRIMARY KEY"
def,magento,MST_BLOG_CATEGORY_ENTITY_TEXT_ENTITY_ID_ATTRIBUTE_ID_STORE_ID,magento,mst_blog_category_entity_text,UNIQUE
def,magento,MST_BLOG_CATEGORY_ENTITY_TEXT_STORE_ID_STORE_STORE_ID,magento,mst_blog_category_entity_text,"FOREIGN KEY"
def,magento,MST_BLOG_CTGR_ENTT_TEXT_ATTR_ID_EAV_ATTR_ATTR_ID,magento,mst_blog_category_entity_text,"FOREIGN KEY"
def,magento,MST_BLOG_CTGR_ENTT_TEXT_ENTT_ID_MST_BLOG_CTGR_ENTT_ENTT_ID,magento,mst_blog_category_entity_text,"FOREIGN KEY"
def,magento,PRIMARY,magento,mst_blog_category_entity_varchar,"PRIMARY KEY"
def,magento,CATALOG_PRODUCT_ENTITY_VARCHAR_ENTITY_ID_ATTRIBUTE_ID_STORE_ID,magento,mst_blog_category_entity_varchar,UNIQUE
def,magento,MST_BLOG_CATEGORY_ENTITY_VARCHAR_STORE_ID_STORE_STORE_ID,magento,mst_blog_category_entity_varchar,"FOREIGN KEY"
def,magento,MST_BLOG_CTGR_ENTT_VCHR_ATTR_ID_EAV_ATTR_ATTR_ID,magento,mst_blog_category_entity_varchar,"FOREIGN KEY"
def,magento,MST_BLOG_CTGR_ENTT_VCHR_ENTT_ID_MST_BLOG_CTGR_ENTT_ENTT_ID,magento,mst_blog_category_entity_varchar,"FOREIGN KEY"
def,magento,PRIMARY,magento,mst_blog_category_post,"PRIMARY KEY"
def,magento,MST_BLOG_CATEGORY_POST_POST_ID_MST_BLOG_POST_ENTITY_ENTITY_ID,magento,mst_blog_category_post,"FOREIGN KEY"
def,magento,MST_BLOG_CTGR_POST_CTGR_ID_MST_BLOG_CTGR_ENTT_ENTT_ID,magento,mst_blog_category_post,"FOREIGN KEY"
def,magento,PRIMARY,magento,mst_blog_post_entity,"PRIMARY KEY"
def,magento,PRIMARY,magento,mst_blog_post_entity_datetime,"PRIMARY KEY"
def,magento,MST_BLOG_POST_ENTITY_DATETIME_ENTITY_ID_ATTRIBUTE_ID_STORE_ID,magento,mst_blog_post_entity_datetime,UNIQUE
def,magento,MST_BLOG_POST_ENTITY_DATETIME_STORE_ID_STORE_STORE_ID,magento,mst_blog_post_entity_datetime,"FOREIGN KEY"
def,magento,MST_BLOG_POST_ENTT_DTIME_ATTR_ID_EAV_ATTR_ATTR_ID,magento,mst_blog_post_entity_datetime,"FOREIGN KEY"
def,magento,MST_BLOG_POST_ENTT_DTIME_ENTT_ID_MST_BLOG_POST_ENTT_ENTT_ID,magento,mst_blog_post_entity_datetime,"FOREIGN KEY"
def,magento,PRIMARY,magento,mst_blog_post_entity_decimal,"PRIMARY KEY"
def,magento,MST_BLOG_POST_ENTITY_DECIMAL_ENTITY_ID_ATTRIBUTE_ID_STORE_ID,magento,mst_blog_post_entity_decimal,UNIQUE
def,magento,MST_BLOG_POST_ENTITY_DECIMAL_STORE_ID_STORE_STORE_ID,magento,mst_blog_post_entity_decimal,"FOREIGN KEY"
def,magento,MST_BLOG_POST_ENTT_DEC_ATTR_ID_EAV_ATTR_ATTR_ID,magento,mst_blog_post_entity_decimal,"FOREIGN KEY"
def,magento,MST_BLOG_POST_ENTT_DEC_ENTT_ID_MST_BLOG_POST_ENTT_ENTT_ID,magento,mst_blog_post_entity_decimal,"FOREIGN KEY"
def,magento,PRIMARY,magento,mst_blog_post_entity_gallery,"PRIMARY KEY"
def,magento,MST_BLOG_POST_ENTITY_GALLERY_ENTITY_ID_ATTRIBUTE_ID_STORE_ID,magento,mst_blog_post_entity_gallery,UNIQUE
def,magento,MST_BLOG_POST_ENTITY_GALLERY_STORE_ID_STORE_STORE_ID,magento,mst_blog_post_entity_gallery,"FOREIGN KEY"
def,magento,MST_BLOG_POST_ENTT_GLR_ATTR_ID_EAV_ATTR_ATTR_ID,magento,mst_blog_post_entity_gallery,"FOREIGN KEY"
def,magento,MST_BLOG_POST_ENTT_GLR_ENTT_ID_MST_BLOG_POST_ENTT_ENTT_ID,magento,mst_blog_post_entity_gallery,"FOREIGN KEY"
def,magento,PRIMARY,magento,mst_blog_post_entity_int,"PRIMARY KEY"
def,magento,MST_BLOG_POST_ENTITY_INT_ENTITY_ID_ATTRIBUTE_ID_STORE_ID,magento,mst_blog_post_entity_int,UNIQUE
def,magento,MST_BLOG_POST_ENTITY_INT_ATTRIBUTE_ID_EAV_ATTRIBUTE_ATTRIBUTE_ID,magento,mst_blog_post_entity_int,"FOREIGN KEY"
def,magento,MST_BLOG_POST_ENTITY_INT_STORE_ID_STORE_STORE_ID,magento,mst_blog_post_entity_int,"FOREIGN KEY"
def,magento,MST_BLOG_POST_ENTT_INT_ENTT_ID_MST_BLOG_POST_ENTT_ENTT_ID,magento,mst_blog_post_entity_int,"FOREIGN KEY"
def,magento,PRIMARY,magento,mst_blog_post_entity_text,"PRIMARY KEY"
def,magento,MST_BLOG_POST_ENTITY_TEXT_ENTITY_ID_ATTRIBUTE_ID_STORE_ID,magento,mst_blog_post_entity_text,UNIQUE
def,magento,MST_BLOG_POST_ENTITY_TEXT_STORE_ID_STORE_STORE_ID,magento,mst_blog_post_entity_text,"FOREIGN KEY"
def,magento,MST_BLOG_POST_ENTT_TEXT_ATTR_ID_EAV_ATTR_ATTR_ID,magento,mst_blog_post_entity_text,"FOREIGN KEY"
def,magento,MST_BLOG_POST_ENTT_TEXT_ENTT_ID_MST_BLOG_POST_ENTT_ENTT_ID,magento,mst_blog_post_entity_text,"FOREIGN KEY"
def,magento,PRIMARY,magento,mst_blog_post_entity_varchar,"PRIMARY KEY"
def,magento,CATALOG_PRODUCT_ENTITY_VARCHAR_ENTITY_ID_ATTRIBUTE_ID_STORE_ID,magento,mst_blog_post_entity_varchar,UNIQUE
def,magento,MST_BLOG_POST_ENTITY_VARCHAR_STORE_ID_STORE_STORE_ID,magento,mst_blog_post_entity_varchar,"FOREIGN KEY"
def,magento,MST_BLOG_POST_ENTT_VCHR_ATTR_ID_EAV_ATTR_ATTR_ID,magento,mst_blog_post_entity_varchar,"FOREIGN KEY"
def,magento,MST_BLOG_POST_ENTT_VCHR_ENTT_ID_MST_BLOG_POST_ENTT_ENTT_ID,magento,mst_blog_post_entity_varchar,"FOREIGN KEY"
def,magento,PRIMARY,magento,mst_blog_post_product,"PRIMARY KEY"
def,magento,MST_BLOG_POST_PRD_PRD_ID_CAT_PRD_ENTT_ENTT_ID,magento,mst_blog_post_product,"FOREIGN KEY"
def,magento,MST_BLOG_POST_PRODUCT_POST_ID_MST_BLOG_POST_ENTITY_ENTITY_ID,magento,mst_blog_post_product,"FOREIGN KEY"
def,magento,PRIMARY,magento,mst_blog_store_post,"PRIMARY KEY"
def,magento,MST_BLOG_STORE_POST_POST_ID_MST_BLOG_POST_ENTITY_ENTITY_ID,magento,mst_blog_store_post,"FOREIGN KEY"
def,magento,MST_BLOG_STORE_POST_STORE_ID_STORE_STORE_ID,magento,mst_blog_store_post,"FOREIGN KEY"
def,magento,PRIMARY,magento,mst_blog_tag,"PRIMARY KEY"
def,magento,PRIMARY,magento,mst_blog_tag_post,"PRIMARY KEY"
def,magento,MST_BLOG_TAG_POST_POST_ID_MST_BLOG_POST_ENTITY_ENTITY_ID,magento,mst_blog_tag_post,"FOREIGN KEY"
def,magento,PRIMARY,magento,mview_state,"PRIMARY KEY"
def,magento,PRIMARY,magento,negotiable_quote,"PRIMARY KEY"
def,magento,NEGOTIABLE_QUOTE_QUOTE_ID_QUOTE_ENTITY_ID,magento,negotiable_quote,"FOREIGN KEY"
def,magento,PRIMARY,magento,negotiable_quote_comment,"PRIMARY KEY"
def,magento,NEGOTIABLE_QUOTE_COMMENT_PARENT_ID_NEGOTIABLE_QUOTE_QUOTE_ID,magento,negotiable_quote_comment,"FOREIGN KEY"
def,magento,PRIMARY,magento,negotiable_quote_comment_attachment,"PRIMARY KEY"
def,magento,FK_4E1BA3B744DA152FAF16DCBFF68651A2,magento,negotiable_quote_comment_attachment,"FOREIGN KEY"
def,magento,PRIMARY,magento,negotiable_quote_company_config,"PRIMARY KEY"
def,magento,NEGOTIABLE_QUOTE_COMPANY_CONFIG_COMPANY_ENTT_ID_COMPANY_ENTT_ID,magento,negotiable_quote_company_config,"FOREIGN KEY"
def,magento,PRIMARY,magento,negotiable_quote_grid,"PRIMARY KEY"
def,magento,PRIMARY,magento,negotiable_quote_history,"PRIMARY KEY"
def,magento,NEGOTIABLE_QUOTE_HISTORY_QUOTE_ID_NEGOTIABLE_QUOTE_QUOTE_ID,magento,negotiable_quote_history,"FOREIGN KEY"
def,magento,PRIMARY,magento,negotiable_quote_item,"PRIMARY KEY"
def,magento,NEGOTIABLE_QUOTE_ITEM_QUOTE_ITEM_ID_QUOTE_ITEM_ITEM_ID,magento,negotiable_quote_item,"FOREIGN KEY"
def,magento,PRIMARY,magento,negotiable_quote_purged_content,"PRIMARY KEY"
def,magento,FK_763F5D85518F6FB7BC0D5DEB812C314E,magento,negotiable_quote_purged_content,"FOREIGN KEY"
def,magento,PRIMARY,magento,newsletter_problem,"PRIMARY KEY"
def,magento,NEWSLETTER_PROBLEM_QUEUE_ID_NEWSLETTER_QUEUE_QUEUE_ID,magento,newsletter_problem,"FOREIGN KEY"
def,magento,NLTTR_PROBLEM_SUBSCRIBER_ID_NLTTR_SUBSCRIBER_SUBSCRIBER_ID,magento,newsletter_problem,"FOREIGN KEY"
def,magento,PRIMARY,magento,newsletter_queue,"PRIMARY KEY"
def,magento,NEWSLETTER_QUEUE_TEMPLATE_ID_NEWSLETTER_TEMPLATE_TEMPLATE_ID,magento,newsletter_queue,"FOREIGN KEY"
def,magento,PRIMARY,magento,newsletter_queue_link,"PRIMARY KEY"
def,magento,NEWSLETTER_QUEUE_LINK_QUEUE_ID_NEWSLETTER_QUEUE_QUEUE_ID,magento,newsletter_queue_link,"FOREIGN KEY"
def,magento,NLTTR_QUEUE_LNK_SUBSCRIBER_ID_NLTTR_SUBSCRIBER_SUBSCRIBER_ID,magento,newsletter_queue_link,"FOREIGN KEY"
def,magento,PRIMARY,magento,newsletter_queue_store_link,"PRIMARY KEY"
def,magento,NEWSLETTER_QUEUE_STORE_LINK_QUEUE_ID_NEWSLETTER_QUEUE_QUEUE_ID,magento,newsletter_queue_store_link,"FOREIGN KEY"
def,magento,NEWSLETTER_QUEUE_STORE_LINK_STORE_ID_STORE_STORE_ID,magento,newsletter_queue_store_link,"FOREIGN KEY"
def,magento,PRIMARY,magento,newsletter_subscriber,"PRIMARY KEY"
def,magento,NEWSLETTER_SUBSCRIBER_STORE_ID_STORE_STORE_ID,magento,newsletter_subscriber,"FOREIGN KEY"
def,magento,PRIMARY,magento,newsletter_template,"PRIMARY KEY"
def,magento,PRIMARY,magento,oauth_consumer,"PRIMARY KEY"
def,magento,OAUTH_CONSUMER_KEY,magento,oauth_consumer,UNIQUE
def,magento,OAUTH_CONSUMER_SECRET,magento,oauth_consumer,UNIQUE
def,magento,OAUTH_NONCE_NONCE_CONSUMER_ID,magento,oauth_nonce,UNIQUE
def,magento,OAUTH_NONCE_CONSUMER_ID_OAUTH_CONSUMER_ENTITY_ID,magento,oauth_nonce,"FOREIGN KEY"
def,magento,PRIMARY,magento,oauth_token,"PRIMARY KEY"
def,magento,OAUTH_TOKEN_TOKEN,magento,oauth_token,UNIQUE
def,magento,OAUTH_TOKEN_ADMIN_ID_ADMIN_USER_USER_ID,magento,oauth_token,"FOREIGN KEY"
def,magento,OAUTH_TOKEN_CONSUMER_ID_OAUTH_CONSUMER_ENTITY_ID,magento,oauth_token,"FOREIGN KEY"
def,magento,OAUTH_TOKEN_CUSTOMER_ID_CUSTOMER_ENTITY_ENTITY_ID,magento,oauth_token,"FOREIGN KEY"
def,magento,PRIMARY,magento,oauth_token_request_log,"PRIMARY KEY"
def,magento,OAUTH_TOKEN_REQUEST_LOG_USER_NAME_USER_TYPE,magento,oauth_token_request_log,UNIQUE
def,magento,PRIMARY,magento,password_reset_request_event,"PRIMARY KEY"
def,magento,PRIMARY,magento,paypal_billing_agreement,"PRIMARY KEY"
def,magento,PAYPAL_BILLING_AGREEMENT_CUSTOMER_ID_CUSTOMER_ENTITY_ENTITY_ID,magento,paypal_billing_agreement,"FOREIGN KEY"
